,company,job,title,question,answer
0,(주)에이블리코퍼레이션,IT/웹/통신,"인터뷰보면 거의 다음날, 다다음날이면 연락와서 채용까지 엄청 빨리 진행됐어요""","에이블리랑 지그재그랑 브랜디 장단점 설명하기
왜 에이블리인지
에이블리에서 기대되는 점",전체적으로 좋았습니다!
1,(주)롬인터네셔널,IT/웹/통신,"전화오고.. 면접 보러오라해서 3:1 면접 진행, 이후 합격 연락 받음 (전화로)""","1) 제품이 안팔리면 어떻게 할건지..
2) 일본에서 선호하는 제품
3) 살면서 뭐가 젤 힘든 경험이였는지",꼬투리 잡는 질문이 많았돈거같습니다
2,(주)카카오스타일,IT/웹/통신,"면접 1차 보고 비공식적으로 2차 면접을 한번 더 진행함,
그리고 공식2차 (비공식3차) 에서 컬쳐핏을 진행함.""","무엇을 하고싶은지?
3년 뒤 어떤 역활을 하고있을지?
이외 CS운영 관련 질문","지금은 조직장이 다 바뀐거로 암
이전엔 정말 수준낮은 질문들이 오갔음"
3,(주)골드플레이트,IT/웹/통신,"1차 합격 유선 연락/1대 다수 면접관/1차 실무자 인터뷰, 2차 경영진 인터뷰""","업무에 대해 얼마나 알고 있는지 확인
업무 관련 경험
출퇴근 거리 괜찮은지",비교적 편안한 분위기
4,롯데쇼핑(주) e커머스사업본부,IT/웹/통신,"다대다 면접이였고 이력서 중심으로 면접 진행 하였습니다. 인상도 좋으시고 분위기도 화기애애하여 좋은 면접 경험이에요.""",이전 회사에서의 이력을 물어보시거나 사용했던 스킬에 대해 물어보셔서 잘 대답하였다고 생각합니다,진짜 실무를 해봤던 사람이여야 유리
5,(주)소셜클럽,IT/웹/통신,"인상이 다들 좋으셨고 무겁지 않은 분위기로 편하게 잘 애기를 나눌수 있었습니다""","어떤일을 어떻게 하셨는지, 스타트업에 어떤 업무를 했고 어떤 성과가 있었는지",면접관님에게 좋은 인상을 받았고 편안하게 해서 긴장없이 잘했습니다
6,(주)스킨알엑스,IT/웹/통신,"이력서 제출 후 유선으로 면접일자 확인""","경력에 대하여 설명
지원 사유 및 회사에 대한 정보
희망 연봉",어려운 질문은 없었고 근무시간 등 복지에 대해 설명 묻기 전에 애기 해줌
7,(주)마리앙,IT/웹/통신,"편안하게 대화하듯이 면접했고, 다음 날 결과가 나왔습니다""","잘 할 수 있는 것, 경력, 전 회사 그만둔 이유",편안하게 질문해주시려고 했고 어려운 질문은 없었다
8,(주)거성디지털,IT/웹/통신,"취업플랫폼에서 연락이 먼저 왔으며, 인사과에서 면접일정을 조율 후, 면접을 진행하게 되었습니다.""","자기소개 후, 이전의 프로젝트 및 작업에 대한 이야기를 나누었으며, 일에 대한 가치관, 업무에 대한 경험등에 대해서 질문 받았습니다.","편안한 분위기에서 면접을 진행하였습니다. 의문점인 부분은 함께 일하게 된다면, 부서의 선임들과 하게 되지만, 회사의 업력에 비해 일하시는 분들의 경력이 짧았습니다."
9,(주)가나,IT/웹/통신,"대기시간이 조금 긴편. 1:2 면접. 실무자 질문이 끝나는대로 자릴 비우심""","퇴사 사유, 이전 회사에서 근무했던 방식, 희망연봉 등
그리고 면접 내내 사무실이 무척이나 조용했음...",묘한 압박감이 남는 면접. 교수님께 혼나고 나온 느낌이 들었다.
10,(주)씨유기획,IT/웹/통신,"전반적으로 나의 살아온 길에 대해 물어보고 마인드 등을 체크했던 것 같다.""","그냥 전체적으로 나 라는 사람에 대해 알고싶어하는 것 같았는데, 자연스런 분위기로 대화하다보니 임팩트 있는 질문은 기억이 나지 않아요",딱히 없어요
11,(주)공팔리터,IT/웹/통신,"뭔가 굉장히 급했음 바로출근을 요청하고… 내가 괜찮아서 뽑은게아니고 그냥 면접와서 뽑은느낌""",회사가 힘든데 잘 이겨낼수있냐 주인의식이 있냐 같이 버틸수있겠냐,저는 돈받으려고 일하지 굳이 같이 이겨내려고하는건 아닌데…
12,(주)백패커,IT/웹/통신,"인터뷰 2회 분위기 너무 좋고 연락 담당해주신 hr 매너 엄청 좋음""","갈등 있었던 사례 집요하게 물어봄. 인성 되게 많이 보는 듯 했고, 기업 가치관과 비숫한지 보는듯",갈등 사례 크게 없어서 요동없이 그냥 무난하게 대답함
13,펫박스(주),IT/웹/통신,"압박면접이고 답변할때마다 한숨쉼
스피드퀴즈같이 질문하며 답변이 다끝나지도않았는데 말끊고 질문또시작함""","전 직장 부서와 인원 (부서별로 자세히물어봄)
매출
연봉상승 후 퇴사이유
이직하면 경력으로 안쳐주는데도 왜이직을했는지
공백에 뭐했는지, 여성 육아나 휴직 등 사회시선있는데 두렵지않은지? ,오피스, 메신저툴 뭐사용했는지,

경력란에 알바경력 썼다고 왜쓰셨어요? 안쓰는게나을거같은데요?라고함 그건 쓰고싶은사람마음 아닌가요?

궁금한점물어보라고했는데...","원하는 답변이아니면 답변을 무시하는거같음
면접시작부터 기분이나빴으며 면접보고난 후에도 기분이 최악이였음"
14,(주)수영사랑,IT/웹/통신,"안쪽의 회의실 같은곳에서 팀장님 외 1명과 면접봄.정 우리가 뭐하는 회산지아는가 쇼핑몰이 어떻게 돌아가는지 아는가 등 질의응답""",쇼핑몰이 어떻게 돌아가는가 우리가 뭐파는곳인가 회사 디자인에 고치고 싶은부분이 있는가,어려운분위기의 면접은 아니었음
15,(주)마블프로듀스,IT/웹/통신,"문자/유선으로 서류합격 안내 후 자율복장으로 편하게 1:1면접""",반복적인 업무일 수 있다 / 야근 어떻게 생각하냐 / 관련 업무 해본적있냐,편한 분위기에서 면접 진행되어서 진행될수록 긴장감이 낮아졌음
16,(주)바잇미,IT/웹/통신,"- 지원 후 다음날 문자 연락 옴
- 바로 일정 잡아줌""","- 이전 직장 퇴사 사유에 대해 면밀히 질문함
- 업무 관련 내용 많이 물어봄","다른건 둘째치고 정해진 기간 내에 결과 회신 주기로 하고 안주다가 직접 연락하니 스벅 아아 쿠폰 하나에 쿠폰 내에 불합격 관련 내용 기재해서 띡 보내고 끝ㅋㅋ
약속한 기간에 먼저 연락을 줬더라면 괜찮았겠지만 결과 회신이 없어 연락한 문자에는 답변이 없고 먹고 떨어지라는 것 같은 쿠폰 전송에 기분 나쁘고 어이 없었음..ㅋㅋ"
17,(주)스타웍스컴퍼니,IT/웹/통신,"원래부터 알고 있던 브랜드여서 지원했고, 며칠만에 연락와서 면접 봄. 실무자 면접 후 대표 면접 바로 진행""","브랜드를 인지하고 있었는지, 브랜드의 문제점이 무엇인지, 어떤 점을 개선하면 좋을지에 대한 질문","의아합니다. 실무진 면접 후 바로 대표 면접 진행했고 총 2시간 정도 소요되었습니다. 중간중간 허를 찌르는 질문도 있었지만 면접에 맞지 않는 사적인 질문이 많았고, 단순한 심심이, 말상대가 된 느낌이였습니다. 오랜 면접 시간에도 불구하고 불합격했고, 결과적으로 더 크고 좋은 회사에 붙어서 오히려 다행이었지만 면접 경험이 유쾌하진 않네요."
18,(주)제이슨그룹,IT/웹/통신,"연락 후 면접일정 잡고 면접진행, 1차 면접만 진행.""","자기소개, 개발 다루는거 어떤거까지 해봤는지, 개발 지식에 관한 내용들 주로 물어봄","자유로운 분위기속 면접이였으며, 질문하신 내용이 이해가 안가 역으로 제가 물어봤는데 그에 관한 답변을 면접관분께서 하지 못함..."
19,에스케이스토아(주),IT/웹/통신,"면접 진행 아주 느리고
면접 과정은 무난 했습니다
인적성도 무난""",구내식당 및 연봉협상에 관한 질문 집이 가까운지 결혼 계획,있는 사실 그대로 말했고 다른곳에 비해 굉장히 루즈한폌
20,(주)프레시코드,IT/웹/통신,"인터뷰 1번 진행했고 다대일로 진행됨 직무보단 경험위주 질문이 많았음""",전공에 대한 질문 전공과 직무의 불일치 사유 이직 사유 직무를 여러개 경험한 것에 대한 문의,모두 솔직하게 답변함
21,(주)올트,IT/웹/통신,"개발에 대해 잘 알고 있는 실무진과 팀장이 면접관으로 들어오셨습니다.
회사에 대해서 상세하게 알려주시고, 어떤 개발을 하는지도 설명해 주셨습니다.""","SI/SM의 차이점이 무엇인가?
새로운 AI 기술에 대해서 아는 바를 말해 보시오
챗 GPT를 어떻게 활용하고 있는가",어려운 질문 보다는 실제로 사용할 수 있는 것들에 관해서 주로 질문해 주셨습니다.
22,(주)나나네이처,IT/웹/통신,"면접 분위기는 나쁘지않았던것 같음
그냥 일반적으로 많이 하는 질문들이였음
지원동기, 전회사 퇴사사유, 어떤일들 했었는지
등등""","기억에 남는 질문 딱히 없었던것같음
굳이 생각해보자면 연봉",경기도권이라 그런지 아니면 회사가 그런건지 연봉이 낮은편이라고 생각했음
23,컨섹,IT/웹/통신,"해당 직무에 대한 연관성 및 업무를 잘 수행하고 빠르게 적응 가능한지에 대한 가늠을 위한 질문 다수 받음""",내가 말한 답변에 대한 신빙성을 확인을 위해서 진행한 몇가지 간단한 기습질문,무난한 면접이였고 크게 부담스럽진 않아서 편하게 진행했습니다
24,(주)람스타일컴퍼니,IT/웹/통신,"전화로 면접을 봤었습니다
차분한 분위기에서 진행됐던 걸로 기억하고 대답을 잘 들어주셔서 편안하게 말할 수 있었던 것 같습니다""","1년이 지나서 정확히 기억나지는 않지만
마케팅이 무엇인지에 대한 질문과 해당 경험이 있는지 물어보셨던것으로 기억합니다","제가 인생 첫 면접이라 전화로 했는데도 대답을 잘 못 했습니다
그래도 끝까지 잘 들어주셔서 편안한 분위기 속에서 면접 잘 마쳤던 기억이 납니다
면접 질문은 지금 생각해보니 그렇게 어렵지 않았던 것 같습니다
다만 현업 경험이 없는 신입 분들은 어렵다고 느낄 수 있겠네요.
조금은 본질적인 질문이니까요"
25,헬스앤뷰티(주),IT/웹/통신,"1. 채용사이트를 통해 이력서,자기소개서,포트폴리오 제출 후 일주일 내로 면접 가능한지 연락 받음(전화로)
2. 날짜와 시간 전달 받고 면접 보러 갔는데 사무실은 엄청 조용하고 누가 왔는지 다들 관심없음 3....""","웹디자이너로서 html,css,js를 다룰줄 아는지(기본적인 지식이 있어서 관리 가능 여부 파악), 패키지 디자인 해본적 있는지, 자사 홈페이지를 보았을 때 디자인 적으로 어떤지","다대다 면접이 아니라서 부담이 없었고 유튜브에서 본 면접관,면접자의 그런 분위기가 아닌 옆에 앉아 대화하는 듯한 굉장히 수월한 면접이었음
대표님이 옆에서 다 듣고 보고 계심"
26,(주)라포랩스,IT/웹/통신,"경력 사항 및 프로젝트 위주로 물어봄
즉석에서 문제를 주는 편 (사고 과정을 보는듯)""","경력사항 꼬리질문 위주
퀸잇에서 해보고 싶은일 물어봄","회시 분위기가 편해보이긴 한데 동아리 느낌이남
면접 질문이 어렵지는 않은데 컬쳐핏을 많이 보는 편인듯"
27,마주(주),IT/웹/통신,"문자로 연락와서 일정 조율 하고 면접 보러감 회사환경은 나쁘지 않아 보였음""","전회사에서 한 업무
성격
친구들과의 관계
평소 성격
엠비티아이","계속 성격에 대한 이야기를 해서 이상했음
업무에 대한 이야기는 전혀 안하고 평가 당하는 느낌이였다"
28,(주)디홀릭커머스,IT/웹/통신,"지원 후 바로 연락받아서 면접 진행했습니다. 일주일 내로 인사팀에서 연락해 주셨습니다. 매우 빠르게 모든 과정이 이루어졌습니다.""","언제부터 출근 가능한지
엑셀 잘 다루는지
궁금한 내용 질문",계약직 면접은 어렵지 않았습니다.
29,(주)웹이즈,IT/웹/통신,"서류 넣고 빨리 연락왔었습니다. 면접후 당일날 합격결과를 받았고, 빠른 출근 원한다고 했었습니다.""","무슨 색 좋아하는지, 동물 키우는지, 어떤 상황을 제시하고 해결 어떻게 할건지",이력서에 평가 체크 목록을 그려놓고 시작했습니다.
30,(주)인사이트드림,IT/웹/통신,"경력직이라 그런지 질문을 하기보다 받는 위주였음""",꿈이 뭐냐고 물어본 것 외에는 없었음,긍정적인 분위기였음
31,(주)구하다,IT/웹/통신,"리멤버로 면접제안와서 수락후 면접진행. 그때재직중여서 퇴근후 면접볼수있도록 시간배려 해주셨습니다""",그동안 프로젝트할때 어떤식으로 했는지. 구하다 프로덕트 장단점.,상당히 편한 분위기에서 진행되었고. 친절하게 응대해주시고 그동안 경력에 존중받는 느낌이 들었습니다
32,(주)에스에스엘케이에이치,IT/웹/통신,"이전 회사가 어디?
이전 회사에 무슨일?
급여(수습기간 3개월 90프로), 빨간날 쉬는날,
근무시간(조출 가능)""","시급은 최저시급이고, 3개월 월급은 90프로 지급한다
그리고 없음",여기는 사회 초년생들 경험삼아 알바로 하는게 좋은회사
33,(주)정인에프엔씨,IT/웹/통신,"매너없었던 대표님과 시간 낭비 제대로한 면접이었습니다.""","- 면접통보 : 문자, 전화, 메일로 통보가 아닌 갑자기 대표님 두분에서 카톡방을 만들어서 면접 가능하냐고 물어봄.

- 사무실 분위기 : 사무실인지 창고인지 구분 안되는 지저분함, 공기탁함, 어두움, 에어컨 고장, 전기나감, 대표 자리에서 직원들 모니터가 다 보이는 배치도, 정말정말 정신 사나울정도로 지저분함..

- 면접질문 : 이력서에 적힌...",복지 아무것도 없고 최저급여에 대기업처럼 면접 보려고 합니다.(사실 대기업도 이렇게까지 면접 안봅니다. 경험자입니다.) 진짜 사무실 환경이 너무 열악합니다. 건강 나빠질거 같아요.
34,(주)티쿤글로벌,IT/웹/통신,"공적인 내용보다 사적인 내용이 더 주가 됐던 인터뷰였습니다""","책을 많이 읽는가, 글쓰기는 잘하는가와 같은 내용",다소 기술적인 문제는 없어 어렵지 않았다
35,(주)부스터스,IT/웹/통신,"면접관련해서 안내해주시는 분이 친절하게 안내해주셔서 회사의 이미지가 더 좋아보였음""","전 직장에서 동료들의 평가, 가장 친한 친구들의 특징, 업무의 순서 선택 기준",면접 분위기를 편안하게 조성해주셔서 덜 긴장하고 좀 더 하려고 했던 이야기를 잘 전달할 수 있었음
36,(주)보석같은사람들,IT/웹/통신,"채용 사이트에 올라온 공고 보고 서류지원, 면접 후 합격""","어떤 일을 하는지 알고 왔는가
프로그램 숙달이 어느정도 되는가
일할 때 어떤 스타일인가","정말 솔직하게 있는 그대로 다 대답했습니다
프로그램은 웬만큼 다 다룰 줄 알아서 자신있었습니다"
37,월드컵토이(주),IT/웹/통신,"사람인 지원 후 연락와서 면접 봤습니다.""","딱 하나 있는데 엑셀을 다룰줄 아냐길래 기본 정도는 한다했더니
필터를 해보라고 했었네요 ㅋㅋㅋ 필터,, 그거 누구나 할수있는,,",쉬웠습니다.
38,(주)엑스바엑스,IT/웹/통신,"과제전형이었는데 와이파이 연결하고 하다보니 40분안에 구현해야했습니다. 구현이 끝난다음 가벼운 면접을 봤었습니다.""",이력서에있던 프로젝트 위주로 물어봤습니다.,기술면접보다는 가벼운 커피챗
39,(주)시크헤라,IT/웹/통신,"대표가 아닌 다른팀 팀장이 면접 봤음
내용은 보편적이었음""","업무실력 위주의 질문이라 딱히 기억안남
포트폴리오 참고한 면접",평범한 면접이었다. 회사가 직원개디 생각보다 작은 느낌이었음
40,(주)로댄어패럴,IT/웹/통신,"전화면접으로 짧게 진행하고 일주일뒤에 대면면접 잡혀서 면접보러 갔습니다. 전화면접은 웬만하면 다 붙는거 같다는 생각이 들었어요. 면접관(2), 면접자(1)로 진행이 되었고 면접분위기는 그냥 보통이였어요. 그리고...""","지원동기, 내 성격, 공백기동안 뭐했는지 물음, 자격증 공부하면서 어려웠던 부분",자소서 위주로 질문하셨어요.
41,플라워트리,IT/웹/통신,"가까운 버스정류장에 직원분이 데리러 와주셔서 감사했습니다.
업무어떤걸 해왔는지, 혈액형""",면접때 혈액형 AB형과는 안된다며 난생 처음겪는 탈락 이유......,후기보니 그럴만한 이유가있음
42,(주)브랜드엑스코퍼레이션,IT/웹/통신,"1층 로비에서 10분정도 대기 후 면접 진행자와 함께 이동하여실무자와 30분정도 진행하였습니다.""","난이도가 있지는 않았으며, 팀원 회사직원들과의 협동심을 중요시 하는것같았다.",결과는 통보해주면 좋을거같다.
43,멜로우네이쳐,IT/웹/통신,"이직사유와 경력에 대해서 질문주셨습니다.어려운 질문은 없었습니다""",장점이 뭔지 물어보셨는데 긴장해서 무슨말 했는지 기억이 안나네요,늦은시간에도 친절하게 면접을 해주셔서 감동했습니다.결과는 모르겠지만 만족했습니다
44,(주)98도씨,IT/웹/통신,"면접 분위기 좋음 / 질문을 충분히 생각할 시간을 주고 천천히 답변할 수 있음 / 면접 분위기 풀어주려 노력함""",스트레스 푸는 방법 / 본인의 성격 / 어떤 업무 원하는지,대체로 편안한 분위기여서 좋았음
45,Shopee,IT/웹/통신,"해드헌터 연락으로 봤고 이력서 제출 후 1차 면접 일정 잡아 HR담당자와 진행하였음""","현 직장 주요 업무, 이력서에 있던 창업 관런 내용 세부 경험 질문, 퇴사 사유 및 지원 동기 등 특별히 색다른 질문은 없었음","면접 때 면접관이 늦게 들어오기도 하고, 전반적으로 먄접 경험에 있어서 프로페셔널한 느낌을 받진 못했음. 딱딱한 면접 보다는 커피챗 같은 캐주얼한 면접이었음. 그 후에 합/불합 여부나 피드백 등을 전달받지 못하여 매우 의문으로 남는 면접 경험이 되었음."
46,(주)레벨13,IT/웹/통신,"1차 실무진 면접, 2차 대표님 면접으로 구성되어 있으며 2차 면접까지 진행했습니다.""","전 직장에서 근무했던 업무 성과와
본인이 합격한다면 이런 업무들을 하게 될 거 같은데
이에 대해 어떻게 생각하는지 등의 업무와 연관된 질문을 주로 받았습니다.","어떤 업무를 진행했고 이런 경험들이 룩핀에서도 강점이 될 수 있다는 것을 어필하는 방향으로 답변하였습니다.
비교적 편안한 분위기로 진행되었습니다."
47,(주)지니웍스,IT/웹/통신,"1대1이었고 무난하고 빠르게 끝났음.
필요한 질문만 받았다는 기분,압박면접 같은 것도 없었음.""","전 회사에서 어떤 일을 했는지, 주변과 잘 어울리는지, 스트레스를 받을 때 어떻게 해소하는지, 나에 대한 주변인들의 평가가 어땠는지.",그냥 개인 경험에 비추에 무난하게 대답했고 생각보다 물흐르듯 지나감.
48,(주)마켓보로,IT/웹/통신,"지원한 부서 팀장급 인사 2명과 인사팀 1명과 함께 3대1 면접을 진행함. 대체적으로 편안한 분위기 속에서 자기소개 및 회사 지원 동기 등과 질의응답 시간을 갖음.""","고객관리방법에 대해서 구체적으로 질문함. 고객을 어떤 경로로 발굴했고, 어떻게 만나서 어떤 식으로 관리하였는지, 세일즈 리드타임은 어떠하였는지 등에 대해서 상세하게 질문함.",편안한 분위기 속에서 업무 역량과 관련된 질의응답을 진행함. 푸드테크에 대한 관심있는 사람이라면 다녀볼만한 회사.
49,(주)체리퍼플,IT/웹/통신,"관련 문자 안내받고 일정 맞춰서 가고 붙으면 문자로 입사서류 안내함""",자기소개와 지원동기와 운전 여부 이전 회사에서 무엇을 했는지 물어봄,면접관님이 편한 분위기로 이끌어주셨으며 친절했음
50,(주)엔티렉스,IT/웹/통신,"전화로 면접시간 조율했습니다. 2대1면접""","술 좋아하나요
담배피나요
낚시같은거 좋아하나요",면접자에 대한 궁금증보다는 회사어필이 심함
51,(주)플레시크,IT/웹/통신,"잡코리아 지원 - 유선 연락으로 면접 제안 - 문자로 면접 일정, 복장 등의 정보를 보내줌""","1. 5년후 10년후의 이 회사에서 본인의 모습
2. 본인이 지원한 직무를 제외하고 하고싶은것
3. 그외에 질문이 너무 많았어서 기억이 잘 안남","면접은 1시간 20분 정도 진행했고
가벼운 스몰토크는 15분 안쪽이였던것으로 기억 그 외 나머지는
대표님 본인이 준비해온 질문 및 이력서 내용을 보고 질문
기업규모가 큰 회사는 아니나 직원을 뽑는데 매우 신중하다고 느꼈으며
규모가 큰 회사에서 받을법한 질문들(?)이 많아서 면접 중간에 당황을 좀 했으며
면접 소요시간이 길다보니 피로감이 좀 있었다"
52,(주)쇼핑타임,IT/웹/통신,"먼저 연락와서 면접 보러 갔습니다. 회사에가면 회의실 겸 창고 같은 공간이 있는데 거기서 이사, 팀장과 단독 면접을 진행했고 최종합격 했습니다.""","1. 회사 사이트 들어가 봤는지
2. 회사 주요 상품 중 이만기가 모델인 쏘팔메토 영양제에 대해서 아는지
3. 포트폴리오 보면서 왜 이렇게 디자인했는지",딱히 면접을 잘 본 것 같지는 않은데 그냥 합격했습니다. 정말 이상하지만 않으면 그냥 합격시켜주는 것 같습니다.
53,(주)혜민생활건강,IT/웹/통신,"면접관 자체가 개발을 모름.
모를 수 있다 생각됨. 근데 막무가네임.""","리눅스 다뤄봤냐?
내부 로컬 서버 다뤄봤냐?
개발 외 적으로 디자인같은거 해봤냐?",개발자를 뽑는게 맞는건가 생각했음
54,(주)미르인더스트리,IT/웹/통신,"알바몬 채용 공고에 이력서 넣으면 면접 진행 후 결과 발표 진행했습니다.""",따로 심층 질문은 없고 경력사항에 대해 물어봤습니다.,해당업무에 대해 설명을 잘해줬습니다.
55,골드팡,IT/웹/통신,"전화면접 -> 본부장 -> 대표이사, 실무진
입사지원 당일 18시 넘어서 전화가 왔으며 다음날 면접 일정을 통보함""","자기소개
출근 가능 일자
퇴사사유

출근하기로한 내정된 사람이 있다는 걸 면접때 알았음

내정자가 출근 안아면 하라고 함

더이상 말이 필요없는 수준 이하의 기업입니다.",면접관 교육 좀 받으세요!
56,(주)펫츠랜드,IT/웹/통신,"사장님이 편하고 친절하심. 다른 직장 재직중이라 주말 면접 요청드렸는데 흔쾌히 시간 내어 주셨음""","브랜드를 혼자서 기획부터 론칭하는데 몇 개월 걸릴까요?
혼자 브랜드 론칭할 수 있으면 사업할듯요...","사장님이 직접 아아 타주시고 편하게 이야기 나눌 수 있었어요. 저는 강아지를 워낙 좋아해서 관련 상품 디자인을 꼭 하고 싶어 지원했는데, 다양한 카테고리 상품을 디자인 해볼 수 있을거 같아 좋을듯 합니다."
57,(주)인디앤드코리아,IT/웹/통신,"대표 1대1 면접진행 , 면접 발표 약 3주 뒤 연락 옴. 후기에 면접발표가 늦다는 얘기가 있어서 예상은 했습니다""","근무경력에 대한 질문 위주였음
이전 직장들에서는 어떤 업무를 했는지, 왜 그렇게 했는지... 앞으로 이 회사에서 어떤 업무를 하고싶은지 등의 비전을 묻는 질문들은 없었음",평이했습니다
58,Alibaba.com,IT/웹/통신,"알리바바그룹을 통해 이력서를 지원하면 1주일 정도 검토시간을 거치고 한국 알리바바닷컴에서 연락이 옴. 면접은 총 3회로 모두 대면면접이었고 hiring manager-country manager-hr 단계로 진행됨.""","1. 한달에 고객사 미팅 몇개까지 할 수 있는지?
2. 입사하면 영업을 어떤식으로 진행할 것인지?
3. 지금까지 영업을 어떻게 해왔는지. 그리고 이전회사에서의 성과",면접은 다소 평이한 느낌이었고 특이한 점은 country head 면접단계에서 통역을 끼고 면접을 봄.(중국어-한국어) 의사소통 시간이 두배로 걸려서 면접이 한시간반 가량 소요. 동기부여가 확실한 헌터 스타일의 사람을 원하는 느낌이었음.
59,(주)비엘스튜디오,IT/웹/통신,"서류 지원하고 일주일 안으로 연락 와서 바로 면접 날짜 잡고 면접 결과도 1-2일 뒤에 바로 연락왔습니다.""",지원동기 말고 딱히 어려웠던 질문은 없었습니다.,이야기 잘 들어주시고 분위기도 편안해서 면접 보기 수월했습니다.
60,(주)난다,IT/웹/통신,"서류합격 후 담당자분께서 문자로 면접일정•장소 알려주심""",이직 이유 / 왜 선택했는지 / 일하게 되면 앞으로의 방향 등 물어봄,1대1 면접으로 상담하는 것 처럼 진행되어 분위기가 편했음
61,(주)조이젠,IT/웹/통신,"서류전형 -> 1차 면접 -> 최종결과""","왜 MD 업무를 해야하는지, 상품기획에 있어서 추구하는 방향성, 앞으로 소싱하고 싶은 분야",단순 질문과 답변이 오가는 딱딱한 면접은 아니고 1:1로 편하게 대화를 하는 분위기에서 면접 진행하여 면접관과 이야기를 하고 온듯한 느낌.
62,(주)페이프로,IT/웹/통신,"인터뷰 횟수는 한번으로 당일 면접을 보고 3일 뒤에 결과가 나왔음""","html 구조 문제, scss 활용법, javascript 숙련도","1:1 면접에 면접 분위기가 좋았고, 가벼운 마음으로 진행함"
63,(주)블랙업,IT/웹/통신,"팀장급과 일대일 면접으로 진행 됨 회사의 규율이나 복지에 관해 이야기를 많이 해주고 궁금한 점을 충분히 물어 볼 수 있는 뷴위기였음""",자신의 업무가 아닌 다른 업무도 할 수 있는지 물어봤음,예감이 좋으면 붙을거임 원하는 연봉을 말 했을때 반응이 안좋았음 원래 좀 적게 쥬는 듯함
64,라쿠텐,IT/웹/통신,"메일로 일대다 면접 링크를 보내주셨습니다.
편안한 분위기 속에서 진행됐습니다.""","프로젝트 관련 설명
메모리 할당 없이 A, B swap
인턴 경험에 대한 설명",영어 면접이라 당황했지만 편안한 분위기를 만들어주셨고 문제를 계속 이어가는 느낌을 받았습니다.
65,(주)헤리티지벤처스,IT/웹/통신,"좋은 사무실에서 일대일로 면접 봤고, 포폴 위주로 답변""","딱히 기억에 남는 질문은 없었는데, 태도를 좀 더 중요시 하는 것 같았음.","일단 기가 세보이셨고, 같이 일하기에 쉽지 않겠다.. 라는 생각이 들었음"
66,(주)아트라미,IT/웹/통신,"지원 후 메일로 답변이 왔고, 시간 및 장소 모두 메일로 확정했습니다. 중간에 시간변경이 한번 있기는 했습니다. 사무실 내부 회의실에서 면접을 진행했고 1차, 2차로 진행되었습니다. 1차는 실무진, 2차는 대표...""","본인에 대한 소개, 지원하게 된 계기, 스타트업에 핏할 수 있는지에 대한 업무 자세나 가치관 등.","실무 면접은 말그대로 실무수행능력을 위주로, 대표면접은 이 회사에 잘 맞을 수 있는지를 보는 느낌"
67,천하지엘씨(주),IT/웹/통신,"지원 후 일주일 이내 연락옴 면접은 1대1로 진행했음
어려운 질문없이 무난한 진행""",전회사에서 했던 직무위주로 물어보았습니다.,어려움 없이
68,씨비제이스타일컴퍼니(주),IT/웹/통신,"중소기업이다 보니 분위기가 크게 딱딱하거나 무겁진않았다.""",잘하는것 해왔던것 앞으로 잘할수있는지 그냥 기본적인 질문,그냥 경험담 답변해드렸고 연봉을 올려주지않으려는게 눈에보임
69,(주)하나샵,IT/웹/통신,"면접일정 입사일까지 배려해줌. 회사에 대한 자브심이 남다름. 바로 합격여부 알려줌. 인원스에 비해 작은 사무실""",딱히 기억에 안남고 연봉 협상만 기억나고 취미가 뭐냐고 질문받았습니다,엄청 간단한 면접과 회사에 자부심이 있으신듯합니다.좋았어요
70,(주)디지털플래닝,IT/웹/통신,"물어보는게 많았음 편안하게 대해주셨고 1:1 면접이였음""",엑셀 어느정도 하는지 거리 등등 물어보셔습니다,어려운 질문은 없었고 편안하게 해주셔서 좋았음
71,(주)어나더무드,IT/웹/통신,"온라인 지원 후 면접의사 확인 뒤 1차면접이 최종 면접이였습니다.""","지금 까지의 경력
앞으로 하고 싶은 업무
장,단점",1:1 면접 방식으로 편안한 분위기에서 면접이 진행되며 회사 소개 및 앞으로의 방향성에 대해 설명해주었던 점이 좋았던거 같아요.
72,(주)와이오엘오,IT/웹/통신,"면접관은 총 네 분이 들어오셨고 차분한 분위기에서 면접이 진행됐습니다. 면접관분들이 모두 돌아가면서 질문해주셨고 답변할때마다 너무 경청을 잘해주셔서 제일 좋았던 면접 경험이 되었습니다.""",제가 했던 포트폴리오를 기반으로 세세한 질문을 해주셨습니다. (마케팅 관련 경험 질문) 다른 채용관련 플랫폼이나 인터넷에서 면접 예상 질문을 찾을 수 있어서 도움이 되긴했습니다.(면접 가보니 면접질문 유출 금지이긴 했습니다.),자신의 포트폴리오와 포부를 토대로 꼼꼼하게 준비하면 수월하게 답변할 수 있을 것 같습니다. 면접관분들이 경청하시는 태도가 너무 좋으셔서 더욱 자신감있게 답변할 수 있었던 것 같습니다
73,(주)트라이그람스코리아,IT/웹/통신,"이력서 지원후에 1:1 실무자 면접과 임원면접이있습니다.""",업무상 가장 자신이 있는 파트와 자신이 없는 파트 질문,자연스럽게 직무관련 질문이 되서 직무역량평가하는데 좋을것같다거 느낌
74,(주)케이비아이상사,IT/웹/통신,"다대일 면접 진행 하였고 도착해서 면접까지 오랜시간 기다림이 있었습니다.""","전반적으로 회사소개에 대해서 선 진행, 프로젝트 맡은 경험과 느낀점","해당 질문에 대해 답변을 하긴 했으나, 긍정적으로 받아 들어주셨음"
75,(주)위즈니스,IT/웹/통신,"이력서 넣고 일주일 뒤에 연락왔음 3:1로 면접진행""","지원자 자기소개랑 지원동기, 회사 메뉴얼 소개",경영진이랑 인사팀분은 별로... 팀장급분 말투와 인상이 좋았음
76,(주)우주그룹,IT/웹/통신,"면접은 격식 없이 편안하게 진행됐고 며칠 후 문자로 합격했다고 연락 왔던 것 같음""","상품에 불만족해서 전화거는 사람들이 대부분이라 안좋은 소리 듣는 자리인데 괜찮겠냐, 이전 동일업무 경험 유무, 출근 가능 날짜","사무실에서 다른 직원들 근무하고있고 그 옆에서 1:1로 면접 보는 형식, 대화 느낌이라 어려운 분위기x, 잘 할수있다고 대답했음"
77,(주)서울옥션엑스,IT/웹/통신,"헤드헌터 통해 연락받음. 면접보고 그날 바로 채용 결정됨""","경력사항, 했던 일, 질문이 많이 없었던 기억이 남",급하게 사람을 뽑는 건지 뭔가 급해보였다
78,블루팝스,IT/웹/통신,"일반적인 면접. 포트폴리오 및 이력서 기반으로 질의응답""",딱히 없지만 면접관의 사족이 좀 있음. 러프게 물어보는 타입,자율성을 존중해주는듯한 느낌? 빡빡한 느낌은 없었음...
79,캠버스(주),IT/웹/통신,"실무진 면접 후 사장 및 부장과의 면접이 진행되었습니다.""","사장님 면접때 어른 말 잘듣는지에 대해 물어봤던 기억이 있습니다. 그게 가장 기억에 남고, 실무진 면접에선 최근 트랜드에대한 견해와 회사가 진행하고 있는 사업에 대해 간략하게 듣고 개선점이나 하고싶은 사업에 대해서 질문받았습니다.",분위기는 나쁘지 않았습니다. 우선 사장님과의 면접에서는 직무에 대한 질문보다는 조직에 대한 흡입력이나 충성도 같은 부분에 대해 많이 물어봤던 것 같습니다.
80,(주)더기프팅컴퍼니,IT/웹/통신,"면접에서 불필요한 내용들도 물어보고 (사적인 내용) 그만 둘거면 지금 나가라고 함 이전 퇴직자들 욕함""",요즘 사람들은 일을 왜 그렇게 빨리 그만 둔다고 생각해요?,별로였음 퇴사자와도 좋은 관계가 되는게 정말 좋은 회사인데..
81,(주)레몬트리커뮤니케이션,IT/웹/통신,"1차 인사팀면접 2차 실무자면접 3차 대표님면접 3번에 거쳐서 면접""",직무관련 질문을 주로 하는 편 날카로운 질문도 가끔 있긴했음,편한분위기에 면접을 볼 수 있었는데 면접과정이 다소 길어서 지침
82,삐뽕언니,IT/웹/통신,"전화로 연락받고 대면 면접 진행되었습니다
일주일 내로 합격연락 옴""","이직사유를 물어봄
앞으로의 계획을 물어봄
업무 능력에 대해 자신있는지 물어봄",편한 분위기를 조성해줘서 대답하기 부담스럽지 않있다
83,(주)링크샵스,IT/웹/통신,"지인을 통해 지원하게 됐음.
사무실 첫인상은 별로였고, 면접자의 질문이 5개 정도 였음.""","API 서버가 해외에 여러군데 있는데 데이터 시간을 어떤 방식으로 동기화 시킬수 있는가?
파일 이전을 시킬때 체크해야 할 항목과 절차?",편안한 느낌이었고 답변을 기다려주는 좋은 분위기였음.
84,티맥스,IT/웹/통신,"서류 접수 후, 서류 합격 시에만 코딩테스트를 봅니다.
코딩테스트 합격 시 면접을 봅니다.""","자기소개 해주세요.
지원동기 말씀해주세요.
질문하고 싶은 것 있나요?",기본 인성질문 외에는 직무 위주 질문이었습니다.
85,(주)케이팝서포터즈,IT/웹/통신,"전화로 연락이 오고 면접 진행은 1대1로 편안하게 진행하기 때문에 부담이 없습니다""",어떠한 일과 경험을 해봤었고 꼭 지금 하는 일이 아니더라도 다양한 일도 해볼 수 있겠습니까,편안한게 하면 됩니다
86,(주)온페이스게임즈,IT/웹/통신,"면접무난히 편한분위기에서 봄 다음주전화와서 합격""",점심주는지물어봄 직무관련질문 회사관련질문,면접분위기는 편함 회사관련문제가있어보였음
87,마립(주),IT/웹/통신,"딱히 면접이랄게 없었다 처음 연락오고 다름날 바로 면접잡혔으며 면접시간은 30분 정도""","엑셀잘하는지, 이전에 알바경험 등 업무와 관련된 관계자가 아닌듯","딱히 면접이라고 느낄만한 질문은 없었고
꼰대가 하고싶은말 하는 정도"
88,(주)샘빌,IT/웹/통신,"면접1회봄 분위기는 나쁘지 않음
각진 분위기가 아니였음""","이런일을 해봣는지?
이력서에 대한 이야기를 물었음",대기업이 아니기 때문에 많이 긴장안하고 가도 될듯함
89,(주)쿨앤쿨,IT/웹/통신,"전화로 1차 서류 통과 연락을 받고 면접 날짜 조율 후 자세한 내용은 문자를 받았습니다.""","1. 전 직장 퇴사 이유
2. 어떤 업무를 하고싶은지
3. mbti가 어떻게 되는지",많이 긴장했었는데 편안한 분위기를 만들어주셔서 감사했습니다. 지원자도 회사에게 어필을 해야하지만 회사도 지원자에게 좋은 이미지를 보여줘야한다고 생각하는데 회사에 대한 소개를 친절히 해주셔서 인상깊었습니다.
90,(주)동인커머스,IT/웹/통신,"잡포탈에서 지원 후 1차 면접까지 20일 정도 소요되었음. 면접 결과 대기 중""","현재 회사 상황을 설명해주시고, 당신이 재직중이라면 어떻게 할 것인지?",코로나 이후 급 성장하면서 체계가 필요하다 느낌
91,(주)홀리가든,IT/웹/통신,"온라인 지원 후 전화로 인터뷰 일정조율. 이후 면접""","술 마시는지, 담배 피는지, 전에 뭐 했는지",일반적인 중소기업 면접임.
92,(주)퍼플랩스,IT/웹/통신,"스타트업답게 최대한 면접자을 존중하고 압박면접은 거이없습니다. 하지만 필요한 부분은 다 물어봅니다.""","생산관리로써 현장과의 소통을 어떻게 하는편인가?
스타트업을 생각하는 이유는?",만담나누듯 즐거운 면접이였습니다.
93,깜장오리,IT/웹/통신,"이력서제출후 대표가 전화가 왔다
어디사는지 경력사항등 몇가지 물어보고 면접을 잡았다""","남자친구 있냐 결혼은 언제할꺼냐 그럼 애는 낳을거냐가 너무 어이없고 인상깊었던 질문
대한민국 이러니까 저출산국가돼지","솔직히 일어나서 집에 가고싶었고 불쾌하다가 말하고 싶었으나
질문해놓고도 듣지도 않고 자기할말만 따발총처렁 쏴서
가만히 듣기만하다왔다
면접보는 스킬이 없으신 사장님같았다
이후 합격통보인듯한 전화가 왔으나 바로 차단했다"
94,(주)굿즈컴퍼니,IT/웹/통신,"원티드를 통해 면접제안을 받아 응하게 되었으며, 관련 소통은 제안해 주신 CTO를 통해 안내받음""","실무에 관련된 질문은 딱히 기억에 남지 않음. 잡플래닛 리뷰를 보았는지.만약 보았다면
올라온 리뷰 중 대표이사에 대한 코멘트들은 일정 사실이라는
것을 먼저 알려주심.","CTO님이 친절하고 좋은 분이시구나, 같이 일하면 편하게 지낼 수 있을 것이라 생각이 들었음"
95,(주)티디에이치컴퍼니,IT/웹/통신,"매장에서 매니저를 통해서 면접을 진행하였습니다.""",고객의 갑작스러운 행동에 아님 예상못한 상황에 대해 어떻게 대처할 건지에 대한 답변,대체적으로 잘 대해주셨습니다.
96,(주)크렉시스,IT/웹/통신,"1회, 분위기는 다른 회사에 비해 나쁘지 않음""","지원동기, 비슷한 직종 근무 경험 있는지 질문 받았습니다.","비슷한 직종에서 알바 해본적이 몇 번 있어서 대답했고, 전체적인 과정에서 질문에 대한 답변에 크게 관심은 없었습니다."
97,(주)카카오커머스,IT/웹/통신,"카카오메이커스 면접이었으며 서류 합격부터 1차 면접까지는 무난했으나 2차 면접이 최악이었습니다. 그동안 숱한 경력직 면접을 봤지만 가장 매너 없고 불쾌한 면접이었어요. 면접관 두 분 중 한 분의 질문이 너무...""","(이력서를 훑으며) 이력서.. 심각한 거 아시죠?
일이 많고 빨리 해야 하는데 괜찮으신가요?
대표님과 같이 일해야 하는데 괜찮으신가요?","이전 회사의 근속년수가 면접관의 기준보다 짧다는 이유로 심각하다느니, 엉망이라느니 그런 표현을 하는 건 예의에 어긋난다고 생각합니다. 면접자라는 이유로 무례한 발언을 다 감수해야만 하는 건 아니라고 생각해요. 면접관 교육을 철저히 하셔야 할 거 같습니다."
98,인터커머스코리아(주),IT/웹/통신,"나쁘지않았고. 팀장급 직원이랑 1대1면접 진행했음.
편한 분위기""",개인적인거물어봄. 주말에 뭐하는지. 취미특기. 회사입사하면 어떤업무 맡을지,그냥 쉬웠음
99,프리젠트(주),IT/웹/통신,"대표님께서 먼저 자기 소개나 궁금한것에 대해 물어보시고 나머지는 팀장님과 면접 진행. 준비한것을 전달하기 보다는 대화방식으로 편안한 분위기로 진행""","회사 관련 질문. 야근에 대해, 스트래스 극복방법에 대한 질문",어떤 사람인지에 대해 판단하려는 질문에대해 솔직하게 대답하여 좋은 분위기로 진행되었다
100,(주)케이디엑스한국데이터거래소,IT/웹/통신,"1,2차면접이라고 하지만 1차면접 이후 2차면접은 합격자와 대표이사간 면담시간이라고 생각하면 되기때문에 부담없음""","직무수행에 필요한 역량, 직장선택의 기준, 스트레스 해소법",편안한 분위기에서 진행되기때문에 부담없이 소통하는 느낌
101,(주)일상의친구,IT/웹/통신,"전체적인 실무 업무에 대해서 질문
어려운 면접내용은 크게 없었음""","체력관리 스트레스관리
기본적인 질문 외에는 크게 어려운 질문으 없었던듯",업무적인 질문도 있었지만 시시콜콜한 질문이 더 많았던거 같음
102,(주)지앤지커머스,IT/웹/통신,"업무스타일과 제 대외활동 경험을 물으셨습니다. 그리고 앞으로 하게 될 업무를 설명해주십니다.""",일을 끝내고 보고하는 스타일인지 혹은 중간 중간 보고를 하는 스타일인지?,중간중간 여쭤보면서 일을 진행한다고 말씀드렸습니다.
103,(주)게이즈,IT/웹/통신,"매장 방문 후 면접진행 후 전화로 결과 확인 가능했습니다.""","이전에 하던 근무는 어떤건지, 매장에서 근무 하신적이 있는지 (유사 근무)
거주지는 어디인지, 등등",면접은 전반적으로 편안한 분의기에서 진행이 되었습니다
104,(주)모아플래닛,IT/웹/통신,"면접 연락, 1차 면접 진행 후 대표님 추가 면접 후 채용""","배달대행이 무엇인지, 주말 근무 가능한지",부담스럽지 않고 편안한 분위기
105,(주)화창코리아,IT/웹/통신,"최초 연락 후 그주에 면접날짜를 잡았습니다. 면접은 2대1이였으며 사장님 부부입니다.""","쿠팡 많이쓰는지, 여친 유무, 등등 생각보다 사생활 관련도 많이 물어봤습니다.",어렵진 않았습니다.
106,(주)온오프마켓,IT/웹/통신,"다닌지 꽤 되어 자세하게 기억은 나지 않지만 전화로 통화 후 방문면접을 보았고, 대표가 전체적으로 하는 질문이나 회사 소개는 하지 않았던거로 기억합니다.
바라는 점을 구체적으로 설명해주지 않고 기대한다는 말만...""","대표가 질문을 거의 하지 않았습니다.
어디서 일했었는지, 어떤 일을 했었는지.. 그리고 장활한 본인의 목표를 이야기해줬고 마케팅과는 별개의 디자인까지 담당했으면 좋겠다는 것이 기억납니다.","바이럴 마케팅으로 면접을 봤지만 사실상 면접이 많이 허술하다고 생각했습니다.
얼레벌레 사람이 급해 뽑는 느낌이 강했고, 대표 본인의 궁극적인 목표를 이야기하는 것도 좋지만 면접 단계에서는 너무 급하다는 생각을 했고 그것보다는 회사도 사람이 필요해서 뽑는거니 회사의 복지나 담당하는 업무 등을 더 자세히 알려주고, 오래 근속할 사람을 찾기위해 조금 더..."
107,(사)제주특별자치도관광협회 탐나오,IT/웹/통신,"면접 분위기는 딱딱하지 않았고 형식적인 질문이 많았음 개인 경험과 역량을 중시하는듯""","인생에서 가장 어려웠던 경험이 무엇인지
그외 포트폴리오 관련 질문",형식적인 질문이 많았고 경력이나 경험을 중시하는 것 같았음
108,반하루,IT/웹/통신,"이력서 지원 후 연락와서 면접보고 다음주 바로 출근""","딱히 없지만 복지 관련 설명이나 회사의 장점을 설명해주려 노력했음
포트폴리오에 대해 하나씩 질문함",분위기가 좋았고 긍정적인 이미지였음
109,(주)팀플러스,IT/웹/통신,"직무이력 관련 질무, 포트폴리오 Q&A, JD관련 질문""",본인의 성향과 회사에 기대하는 것은 어떤 것이 있을까요?,"진취적이고 성장을 추구하는 성향입니다. 개인과 회사가 시너지를 내며 성장하고, 매력적인 보상을 받는 것을 기대합니다."
110,(주)시스트에프엔씨,IT/웹/통신,"서류 합격 후 연락이 오면 1차 면접과 실무 테스트가 진행됐었고 추후 2차 면접까지 진행됐었다.""",본인의 가치관은 어떠한가 / 성격은 어떠한가 / 야근에 대해 어떻게 생각하는가,인성을 중요시 여기는 듯한 느낌의 질문들이 꽤 있었다.
111,"Airbnb, Inc",IT/웹/통신,"Hiring 매니저, 실무진 그리고 사내문화 면접까지 총 5명의 면접관과 1:1 면접을 보게된다.""","1. 고객을 직접적으로 지원하는 CS 업무인 만큼 스트레스 매니징을 잘하는 편인지
2. 동료들과 타협하거나 팀워크를 이룬적이 있는지
3. 마지막 사내문화 면접에서 Diversity 를 위해 내가 한 일이 있는지",대체적으로 압박면접이 아닌 편안한 분위기에서 면접이 이루어지지만 면접관 마다 꼬리질문을 통해 자세한 답변을 더 원하는 부분들도 있었다. 영어는 당연히 잘해야 입사할 수 있는 기업
112,소녀레시피,IT/웹/통신,"지원하게된 계기, 목표, 장단점 소개 등등 간단한 질의응답이 있었습니다. 그리고 실무 보정,누끼 작업을 하고 끝이었습니다""","자기 비전이랑 자신의 장단점에 대한
질문이 기억에 남습니다",면접전에 그런 질문이 있다고 말씀 해주셧다면 좋았을텐데 라고 느꼈습니다. 조금 갑작스럽게 진행되어 많이 당황했었네욥
113,(주)스마트인피니,IT/웹/통신,"온라인 지원으로 서류 전형 통과 후 2회의 면접 진행""","1. 야근이 많아도 괜찮은가??

2. 지방 출장을 자주 다녀도 괜찮은가??

3. 대행판매업에 대해 어찌 생각하는가?","나 이외에 다른 지원자가 얼마 없는것 같은 느낌이 들었다.

그외에 좋거나 나쁜 느낌은 없었다."
114,(주)플리팝,IT/웹/통신,"인터뷰는 아주 편안한 분위기에서 진행되었습니다.
음료수도 챙겨 주시고, 회사 및 서비스 소개도 해 주셨습니다.
아주 기분 좋고 편안한 인터뷰였습니다.""","Z세대들이 오프라인 팝업 스토어에 모이는 이유
회사를 고르는 기준
커머스 기획 경험","Z세대 들이 해당 소비스를 이용하는 이유에 대해 평소 내가 추구하던 방향과 너무 일치했습니다. 그래서 제가 생각하는 대로 얘기했고, 회사를 고르는 기준은 이윤추구 이 외에 의미나 가치가 있었으면 좋겠다고 했습니다. 그리고 나머지는 제 경력에 의한 경험을 얘기했고요."
115,(주)에이컴메이트코리아,IT/웹/통신,"최초 합격전화로 면접일정조율후 문자보내줌. 안내하는분이 참 친절하고 상세히 문자함.""",이상형이있듯이 이상적이라 생각하는회사의 모습은?? 희망하는 연봉을 종이로 적어 제출해라.,워라벨중시한다 말했고 희망급여 적어냈습니다
116,행복쇼핑(주),IT/웹/통신,"전화와 이메일로 기본적인 사항 확인 후 미팅룸이서 면접 진행 하였고, 편안 분위기에서 실무적인 내용과 실무 외적인 내용 등을 질의 받았습니다. 면접 후 바로 결과를 알려주었음""",현재 회사가 진행하고 있는 사업에 대한 개인적인 의견을 물어봤습니다.,"개인적인 솔직한 생각을 답변을 하였고, 좋은 피드백을 받았습니다."
117,(주)디스피스,IT/웹/통신,"그냥 전화 통화도 하고, 카페에서 면접 간단하게 봅니다""","운동 하는지, 챙겨먹는 영양제 있는지, 자사몰 봤는지 그런거",딱딱한 분위기가 아니어서 그때끄때 생각나는대러 잘 답변하면 될 듯
118,페인트인포(주),IT/웹/통신,"정말 자유로운 분위기 옷차림 무관하고 대표랑 이야기 주고 받는 정도""","어디 사는지, 부모님 뭐 하시는지, 뭐 궁금한 점 있는지","대략적으로 대답했고 면접 질문의 난이도는 없었다.
사업 계획에 대해 이야기하기를 꺼려하는 분위기
계획이 확실히 없어서 그런것 같다"
119,홍동,IT/웹/통신,"면접 쉬움 면접보고 나오면 바로 합격전화가 옴""","출근 가능한가. 주말,공휴일도 일하는데 괜찮은가. 주말은 재택근무인데 괜찮은가",면접 자체는 너무 쉽습니다.
120,(주)브레이브컴퍼니,IT/웹/통신,"마케팅팀 팀장과 1:1 면접. 이력서를 바탕으로 궁금한점 질문""","mbti 무엇인지 조심스레 물어봄. 강점이 뭐라고 생각하는지, 즐겨보는 유튜버 누구인지, 유튜버 상품 왜 샀는지",계속 꼬리물기로 진행되는데 그런걸 다 떠나서 이력서를 제대로 안본게 느껴짐 갑자기 상품을 판매하신적은 없으시네요? 이러면서 굳어지는게 다 느껴짐 .. 서로 시간아깝게 뭐하는건지 ㅠ 게다가 연봉 정보를 안알려줌 비밀임ㅋㅋ 신기한 회사임
121,(주)오늘의꽃,IT/웹/통신,"서류 지원, 1차 면접, 2차 면접, 처우 협의""","개발을 시작하게 된 이유
프로젝트 진행중 겪은 문제 해결 방법
평소에 취미가 뭔지","1차 면접은 면접 경험이 좋았지만, 2차 면접에는 좋지 않았습니다."
122,(주)수리수리,IT/웹/통신,"채용공고에 지원한 후 이틀 후에 면접 연락 받았습니다.""","1. 검색 최적화에서는 어떠한 과정이 있었나요?
2. 워라벨에 대해서 어떻게 생각하나요?
3. 스타트업이라 자발적으로 야근하는 경우가 많을텐데 어떻게 생각하나요?
4. 지금까지 일했던 곳 중에서 제일 좋았던 곳은?
등등 15개 이상의 질문이 있었습니다.","우선 면접관님들 모두 친절한 면이 좋았습니다.
다만 면접 질문중에 이해가 되지 않는 부분이 있네요.
스타트업이라 하여 9시-6시 이후에 일을 할 수 있다는 것을 굉장히 강조하였습니다.
하지만 기업 측면에서 간과하시는게 하나 있는 것 같아요. 직원분들에게 그만한 상응한 대가를 주시고 자발적 초과 근무를 당연하게 말하시는지 여쭤보고 싶군요...."
123,(주)비욘드넥스트,IT/웹/통신,"생각보다 압박면접의 느낌이 나서 당황했던 기억이 납니다... 개인적으로는""",대체적으로 회사 가치관과 부합하는 류의 질문을 주셨던 것으로 기억합니다,열심히 답변하려 노력했습니다
124,(주)골드리아,IT/웹/통신,"전화로 연락이 옴
면접 난이도는 어렵지 않음
기본적인 질문으로 이루어짐
인사팀이 따로 있지않음""","대체적으로 다 일반적인 질의만함
퇴사 이유, 경력 , 회사 얘기를 많이 들은편","회사의 좋은 점을 많이 얘기해줌
면접시 큰 어려움이 없이 진행됨"
125,(주)씨메이트,IT/웹/통신,"인성 면접 및 직무 관련 면접 한번에 진행""","자기소개
외국어할 줄 알면 사용하여서 답변하기 정도
왜 화장품 업계인지",준비를 하면 무난한 면접내용
126,(주)민스샵,IT/웹/통신,"전화로 1차 면접같은 걸 보는데 사장님인지는 모르겠으나 꽤 긴 전화통화를 하였음""",전화로 해서 여러개의 질문이 있었지만 기억이 잘 나지는 않음,어려운 질문들은 아니였으나 직무보단 사생활 질문이 많아서 혼란스러웠늠
127,(주)컨비니,IT/웹/통신,"면접관 두 분과 다대일 면접으로 30~40분 정도 진행했던것 같음""","지원했던 직무의 세무적인 업무내용들 하나하나 말하면서 해당 경험히 있는지, 해볼 수 있는지, 가장 힘들었던 일, 본인의 업무 방식이 능동적인지 수동적인지 질문",무난한 질문들이라 큰 어려움은 없었는데 개인적으로 너무 긴장했던지라 대답을 제대로 못해서 아쉬웠음.
128,(주)오드와,IT/웹/통신,"다대 면접 3:1 으로 봤었고, 대표, 이사, 팀장 이렇게 면접 진행 했었습니다.""",어떤 광고가 제일 기억에 남는지 질문했습니다,"기본적인 질문, 그리고 마케팅/홍보 관련 질문이 있었고 준비해왔던 답변을 말했습니다"
129,(주)제이한,IT/웹/통신,"면접 분위기는 다소 좋았으며 자주 이용하는 쇼핑몰을 물어본것이 기억에 남는다""","자주이용하는 쇼핑몰 어딘지
집에서 출퇴를 어떻게 할것인지",자주 이용하는 쇼핑몰은 말하지 않았으며 오프라인으로 구매한다고 함
130,(주)언더비,IT/웹/통신,"편안하게 대해주셨고 이력서를 꼼꼼하게 봐주셨으며 경력과 업무에 대한 설명과 질문을 많이 해주셔서 딱딱한 분위기가 아니었다""",회사에 들어오면 생각했던 업무랑 다른 일을 하게 되었을때는 어떻게 할 것 인가?,면접 답변은 상황에 따라 다르게 판단을 할 것 같다고 하였고 딱딱한 분위기보다 계속 편안한 분위기를 만들어주셔서 인상깊다
131,(주)체리코코글로발,IT/웹/통신,"경리업무 지원자를 뽑는다고 해서 갔음> 사실 경리일은 많이 없고 통장정리 업무정도라 많이 없어서 CS일도 같이 할거라고 함. 그런 일 흔하니 알겠다고 함.""","그전에 일해봤는지, 우리가 뭐 파는 곳인지 아는지. 출근 언제 부터 가능한지.",사람은 한명인데 시키는 것은 이것저것 시켜먹으려고 함. 급해서 입사했지만 경리 업무는 거의 없다시피했고 주객전도로 고객응대 CS업무가 주였음.
132,(주)펀엔씨,IT/웹/통신,"일단 대기시간이 엄청 깁니다. 아침9시부터 사람 불러놓고 임원면접자 오지않습니다. 본인들 시간만 소중한게 아닙니다.""",질문이라기보단 자기회사 자랑만 줄줄이 업계1위였고 서비스 설명만 줄줄이,면접 시간이 긴데 그중 대기가 60% 본인들 시간 소중하면 남 시간도 소중합니다
133,(주)윈크라우드,IT/웹/통신,"간단한 직무와 인성 관련 질문. 그리고 회사에 대한 설명을 해주고 면접자에게 그와 관련하여 궁금한 점을 물으며 진행되는 면접이었습니다.""",어떤 업무를 했는지? 본인의 성격은? 궁금한 점이 있는지?,편하게 대화나누듯 진행됐습니다. 주로 면접관이 이야기를 해서 부담갖지 않아도 되는 분위기
134,지니어스인더스트리,IT/웹/통신,"전화와 문자로 연락왔습니다. 면접일정을 잡고 시간에 맞게 진행했습니다.
합/불 여부도 1주일 내라고 들었지만 1~2일밖에 안걸렸어요.
조금 특이한 질문이 나올 수 있다. 솔직한 면접을 보는게 서로 좋을 것...""","1. 장/단 점 설명인데 장점은 대체로 잘 말해주시고 맞는부분이 많지만 단점은 안그런 부분이 많았다. 솔직히 단점을 말해주고 일하면서 일치한다면 저희는 정말 기쁠 것 같아요.
2. 이력서 기반 궁금했던 질문, 자기소개
3. 개인적이거나 어려웠던 경험","점점 서로 솔직했던 면접장이 되었다. 그리고 1차면접 밖에 없기 때문에 서로 솔직해서 나쁠게 없다고 느껴졌다.

최고의 복지는 최고의 동료라는 맥락이 느껴졌다. 그래서 신중하고 개인적인 질문이 있을 수 있다. 개인적으로 이런 부분을 좋아해서 면접성향이 잘 맞았다.

면접 후에 스스로에 대해 잘 모르고 정리가 안된 부분이 있던걸 알게..."
135,(주)씨엠이소프트,IT/웹/통신,"이력서 넣고 1차 면접을 봤으며 질문에잘 답변하고 합격했었습니다.""","사원 면접으로
JS를 사용해봤는지 술은얼마나마시는지 학교프로젝트",사원이라 스타트업이라서 태도를 많이 본거같다
136,숨코리아,IT/웹/통신,"간단한 임원면접 후 대표 방에 들어가서 대표와 면접을 진행""","자소서 위주의 질문
전 직장 관련 질문
취미
입사후 포부","자소서 위주로 대답했다.
임원면접+대표면접 합쳐서 대략 30분만에 끝났고 자소서 위주의 질문이라 어려운 점은 없었다.
면접보러 갔는데 담당자가 면접관련해서 헷갈려해서 좀당황스러웠음
슬
의"
137,(주)유엑스,IT/웹/통신,"취업사이트로 입사지원후 면접일정 조율""","자격증 관련, 업무량이 많은데 괜찮은지, 이전에 해보았던 경험","인성면접 위주이고, 친절하셨습니다."
138,헬로우스위티,IT/웹/통신,"회사에서 어떻게 업무를 이행해 나갈지 등 회사에서 이루고 싶은 일들 등등""",회사에 지원한 동기 다른회사에도 지원했는지 입사를 한다면 언제까지 일해줄수 있는지,생각보다 널널한 마인드
139,(주)에바주니,IT/웹/통신,"이력서 제출 후 면접 일자 및 시간 조율
회의실?에서 2:1 면접으로 진행함""",전 직장 퇴사사유 / 면접자의 꿈 (앞으로 목표) / 면접자의 장점과 단점 등 질문함,면접자 대답을 잘 들어주고 편안한 분위기
140,미구하라(주),IT/웹/통신,"서류 접수후 이틀내에 유선 연락이 와서 면접보게 되었습니다""",전직장 직무 경험 / 좋아하는 화장품 브랜드 / 자사 제품 사용해보았는지,전반적으로 어렵지 않은 난이도 였습니다. 친절하고 깔끔한 인상이었어요.
141,(주)레이먼,IT/웹/통신,"팀장면접이 잡혀있었으나 대표면접으로 변경되어 1:1면접 후 채용안내 전화""","나이
해당직종의 취업 희망 사유
업무에대한 이해도","전체적으로 면접자리는 어렵지않았고 , 분위기도 좋음"
142,(주)핀카,IT/웹/통신,"면접 후 당일 오후에 면접관으로부터 전화로 합격통보받음""",솔루션 제작에 필요한 디자인을 해야하는데 괜찮은가?,압박도 없고 무난무난했던 면접이라 크게 인상깊었던 내용은 없음
143,스팟라이틀리(주),IT/웹/통신,"첫면접으로 끝났는데 회사 카페에서 진행하였습니다.
자세하게 물어보시고 첫 면접인데도 편안하게 해주시려는게 느꼈습니다.""","이 곳에서 하고자 하는 일이 무엇이며, 화장품 좋아하냐는 질문이였습니다.",좋았습니다.
144,(주)완벽한우리들,IT/웹/통신,"지원 후 면접날짜와 시간지정 문자가 옵니다
변경시 연락을 통해서 협의가능""","자사 제품을 보았느냐
고쳐야 할 점이 무엇이냐
만약물건을 기획한다면 무엇을 만들것인가","해야 할 역할과 업무를 설명해주는것이 아닌,
개선하거나 고쳐야 하는 것이 무엇인지의 질문이 많았습니다
대부분의 질문이 그렇다보니, 면접자들에게 정보를 얻으려고 면접보는 느낌이 강했습니다.
실제 직무도 생각했던 경력직무가 아닌, 3년~많게는 5년차 정도의 주임이나 대리급 정도의 업무였던 것 같습니다
설명들은 직무와 최종 이력이 맞지 않은듯..."
145,에이치엠유통,IT/웹/통신,"매장 카운터 옆에서 면접을 보며 어려운 질문들은 없음""","집에서 얼마나 걸리는지, 부모님은 뭐하는지, 일을 꾸준히 할 수 있는지",정말 기본적인 질문들이라 별게 없음
146,(주)대경엘이디,IT/웹/통신,"실장직급의 인사담당자와 1:1 면접을 진행하며, 무겁지 않은 분위기로 진행됩니다""","지원동기, 입사 후 진행할 일, 근무환경",그냥 단순하게 궁금해서 물어봤다는 중소기업 대부분의 답변수준
147,(주)인디스모닝,IT/웹/통신,"간단한 직무 관련 내용으로 편안한 분위기에서 면접 진행했음.""","뭘 해왔는지, 가격 프로모션 제외한 성공사례
성격 장단점",기준에 근거하여 답변
148,(주)스톤컴퍼니,IT/웹/통신,"출퇴근거리를 아주많이 걱정해주는편 첫질문이었음.
면접관3명 참석
야근은 없다고 말하는데 대부분직원들이 30분이상 일하는 분위기라고 말함... 이건야근이 아니라고 생각하는 분위기
퇴사자중 칼퇴하는직원을 안좋게...""","주로 출근시간에 대한질문이 길었어서 출퇴근 시간만 걱정이 많았음.
회사 분위기에대해 질문했는데 면접자한테 안좋타고 말하긴어렵다고 대답하시며 분위기 나쁘지않타고 두루뭉실하게답함.
회사도 질문하지만 면접자도 질문해야한다며 편하게 다물어보라고하는데 대부분 답변이 두루뭉실함.","금요일 이른퇴근이라고 적혀있어서 질문했는데 마치 칼퇴에 연연하는 사람처럼 생각함.
질문을 자꾸하래서 물었는데 괜한질문이었나싶을정도....
연봉도 낮추려고함. 기존연봉보다 높게 말했더니 그이유를 설명하라고함.
아직채용도안되서 능력을알수가없는데 높여줘야하는 이율 질문함.
연봉 생각하고 면접자 부르셨으면합니다."
149,(주)한쇼핑,IT/웹/통신,"인터뷰횟수 1회 , 분위기 편안하게 해주는분위기임""","이직사유 , 전직장의 담당업무 , 바라는점",괜찮았음
150,(주)분더,IT/웹/통신,"면접은 다른곳이 비해 엄청 쉬웠음, 그냥 이 회사는 무엇을 하는 회사이며 무슨 일을 할지 알려줌,""","남는 질문이 없는데 최소 30자는 못 맞추겠고, 그냥 본인 회사 알려주고 어떤 업무를 하며, 이런 업무를 할거다라는 얘기였음","다른곳과 달리 너무 쉬운 면접이었고, 어떤 일을 할지는 들어서 어떻게 진행될지 알게되었고, 일을 알려주는 상사는 없는것임."
151,(주)블루피치,IT/웹/통신,"신발에 관심이 있는지, 운전 및 의사소통에 문제가 없는지 등등..""",커뮤니케이션을 얼마나 잘하는지 질문사항으로 나옴....,무난한 분위기의 면접이었음.
152,(주)젬마월드,IT/웹/통신,"지원 시 자기소개서 등 필수사항 적어주는거 중요
사진(셀카로 올리면 안됨 증명사진 필수)

압박면접 질문많음""","좋아하는 쇼핑몰
좋아하는 이유
팀업무를 해 본 경험이 있는지","라이크유 슬로우앤드
상품 페이지에 설명이 자세히 되어있어서 구매에 많은 도움이 되게 때문이고, 다양한 스타일이 존재해서
팀업무경험 ㅇ"
153,(주)탑제이앤에이취,IT/웹/통신,"채용 사이트를 통해 지원하고 대표와 1:1 1차 면접으로 진행되었음""","해당 산업에 대한 관심이 있는가?
해당 직무에 대한 전문성이 있는가?
언제부터 근무할 수 있는가?",짧고 굵게 면접이 끝났습니다. 일반적인 대기업식의 면접과는 거리가 멉니다.
154,옴니피앤씨(주),IT/웹/통신,"포트폴리오를 준비해갔으나 할 일에 비해 포트폴리오가 과분하다는 말을 늘어놓음. 왜 이런 작업을 했냐는 형식적인 질문이 오감.""",이 프로젝트는 어떤 생각으로 시작하게 되었는지 물었고 기획을 바탕으로 답변함,디자이너로서 업무능력과 발전성을 생각한다면 안가는게 좋았을거라고 지금도 생각 함
155,(주)오프널,IT/웹/통신,"카톡으로 연락이 왔고 1차엔 대표와 커피챗이 진행됨""","자기소개, 지원동기, 자신의 장점 단점 등 질문들이 들어옴","문자도 메일도 아닌 카톡으로 먼저 연락이 와서 조금 당황스러움
너무 떨어서 얼렁뚱땅 얘기한게 아쉬움
불합격도 연락줬으면 좋겠음"
156,(주)젤라또랩,IT/웹/통신,"편안한 분위기에 면접진행
회사에대한 질문도 많이해보라함""",딱히 기억에 남는건 앖는데 억압적이지않음 편안한분위기에서 진행함,"편안하게 진행하였으며 부담감을 주지않고 진행함
쉬웠다"
157,(주)제이엔케이아이엔씨,IT/웹/통신,"채용사이트에 이력서 내고 면접 보러 감
며칠 뒤 합격""","성격이나, 경험등을 물어봤던 것으로 기억합니다.",사무실은 깔끔했음.
158,(주)오르비스토어,IT/웹/통신,"주소를 잘못 알려주셔서 도착 후 한번 더 도보 10분 이동했습니다 근처 카페에서 면접을 보았는데 슬리퍼를 신고 나오셔서 조금 당황했습니다 관련 직무 이외의 질문을 많이 하셨습니다""","다른 소기업들이 묻는 질문들을 대부분 하였습니다 이직 이유, 쉬는 기간동안 뭘 했는지 등",대표님이 매우 바빠보이셨습니다 그래도 면접관이 지켜야 할 최소한의 예의는 해주셨으면 했습니다
159,(주)렛츠커머스,IT/웹/통신,"이사님이랑 둘이 면접봤어요 그러고 몇일있다가 연락이 왔네요""","성격의 장단점 , 상사와 트러블났을때 어떻게 대처할건지",면접은 30분정도 봤던거같아요
160,(주)잇츠팩토리,IT/웹/통신,"면접에서 질의응답과 본인의 경영철학을 얘기하고 당일날 합격여부를 알려 줌""","해당 회사에서 그만 둔 이유 , 왜 이 직무를 선택했는지 이정도의 질문만 함",면접이라기 보단 본인의 경영철학에 대해 좀 더 길게 얘기함
161,(주)마루비즈,IT/웹/통신,"면접 자리에서는 뭐든 다 해줄 것처럼 대함.
관리가 많지 않다고 꼬심.""","프로그램 뭐뭐 잘하세요?
이런거 할 줄 아세요?
사람들과 친하게 지내시는 편이신가요?",그냥 쏘쏘
162,(주)미궁365,IT/웹/통신,"면접을 바로 요청 받지 않고 전화로 간단한 질문 몇 가지 있었습니다. 10분 정도의 통화 후 자세한 얘기를 나누고 싶다고 하여 면접일정을 잡았고, 대표님과 1:1 면접이었고 편안한 분위기에서 자유롭게...""","이전 직장에서의 업무와 환경 등이 어땠는지?
앞으로 어떤 방향으로 일을 하고 싶은지?
지원한 회사에 대한 정보를 어느정도 알고 왔는지?","전적으로 통신판매를 통해 매출이 이루어지는 회사기 때문에 업무적으로 이커머스 운영 경험이 있는지를 중요하게 보셨고, 일을 임하는 성의와 인성을 보시는 것 같았습니다. 면접자에 대한 질문보다 회사에 대한 어필을 적극적으로 해주시는 모습에 회사에 대한 애착이 많아 보이셨습니다."
163,(주)올리빙,IT/웹/통신,"전화로 면접제안 후
대표와 1:1 면접 진행
약 1시간 진행""","경력에 대한 자기소개, 이직 사유, 입사후 포부","희망연봉 상관없이, 회사에서 줄 수 있는 연봉만 제시
일 잘하면 더 챙겨준다는 식으로 얘기하는데,, 일 잘하면 어떤 회사든 더 챙겨주는거 아닌지
희망연봉 기재해놨는데, 왜 면접까지 불러놓고 연봉 깍고 시작하는지?"
164,(주)빌도르,IT/웹/통신,"너무 오래되서 잘 기억이 안나지만 무겁지않는 분위기에서 면접을 봤던 기억이 납니다""",너무 오래되서 기억이 잘 안나지만 바로 출근 가능한가에 대해 물어봤던거같고 포토샵 일러스트 어느정도하는지 물어봤던거 같습니다,빠른 출근여부에대해 물어보시고 빨리 출근할수있다고 하고 담날 바로 출근 했던기억이..사장님들이 성격이 좋아보이셨음
165,스타일플럭스(주),IT/웹/통신,"온라인을 통해 지원해서 연락주셨고
1:1 면접을 통해서 상세하게 저를 알려고 해주었습니다.
이후 채용됬습니다.""","1. 이전 경험에 대한 상세한 질문
2. 업무스타일에 대한 질문
3. 회사에 대한 설명",분위기를 편안하게 만들어주시고 대화하듯이 진행했습니다.
166,다온무역,IT/웹/통신,"이력서 접수 후 유선연락으로 시간을 잡았습니다. 현장방문해서 일할 기간 및 활동한 것만 간단히 물어본 후 완료했습니다.""",왜 지원하게 되었나요?/활동이 많은데 왜 많은가?/얼만큼 일할건가?,면접이 단순 포장이라 어렵진 않았습니다.
167,(주)로로텐,IT/웹/통신,"무겁지 않은 분위기였고 자율복장으로 갔음
속도나 작업에 대해 물음""",하루에 몇개가 가능한지 손이 빠른지에 대해 물어본게 인상적임,"어떤 사람을 원하는지 대화로 충분히 느껴져서
그 부분이 좋았음"
168,(주)봄티비커뮤니케이션,IT/웹/통신,"이직하려는 이유와 자신의 성격이 어떤지 질문을 했습니다 그리고 디자인 스킬은 어느정도인지 물었습니다""","동료들과의 트러블이 날경우 어떻게
할건지에대해 질문이 들어왔다",성격이 둥글고 활발한 점이 있어서 상대방과 트러블이 나도 크게 커지지않고 좋게 풀어나가려고 한다고 했다 그리고 직원들이 적지 않기 때문에 이런 질문을 한거 같다
169,(주)미스터네이처,IT/웹/통신,"면접 내용은 크게 어려운 것은 없었음
따로 준비 할건 크게 없음""","취업준비기간에 뭐했는지
어떤걸 하고 싶은지",그냥 그랬다
170,(주)더잭팟,IT/웹/통신,"1차면접까지밖에 통과하지 못했지만 그동안의 면접증 가장 인상적이였던것 같습니다.""","위기상황에대한 질문과, 상사가 부당한 대우를 했을때등 그리고 업무 지식도 많이 물어보셨습니다.",엄청 편안한 분위기였고 압박면접은 아니지만 질문들이 허를찌르는 질문도 많아서 면접 준비를 잘해서 가야할것 같습니다.
171,(주)페어링컴퍼니,IT/웹/통신,"이력서 제출 후 3일이내 연락옴
1차 면접 후 2차면접까진 진행 함""","지원한 이유
회사에 입사 후 진행하고 싶은 업무
본 서비스에 대한 장단점","면접을 편하게 할 수있는 분위 조성
차분한 분위기로 면접 진행되어 편하게 면접 진행"
172,(주)스타일온미,IT/웹/통신,"실무자 면접 1회 대표님 면접 1회로 진행.
실무면접은 약1시간가량, 상급자가 누구냐에따라 직무역량질문위주로 진행.""","통근거리가 먼데 괜찮은지,
신입이다보니 직무에대한 설명과 가능한지여부가 중심
대표님 면접은 대표님께서 희망하시는 직무에대한 관심도를 질문",평범한것같습니다
173,(주)마크모크,IT/웹/통신,"디자이너 경력직을 찾고는 있으나, 신입을 더 좋아하는 느낌""",10대 타깃인데 괜찮으실지? 희망 연봉을 솔직하게 얘기해주세요.,"편안하게 면접을 보았고, 실무디자인 실장님이 경력자를 희망 하기는 하나, 최저 연봉자를 찾는 느낌 이었습니다."
174,(주)퍼빗,IT/웹/통신,"분위기는 다소 딱딱하고 형식적인 질문들 위주. 집거리,경력, 연봉 얼마로 보고 왔는지 등 면접은 금방 끝이남""",손빠르고 체력적으로 부담은 없는지 쉬는시간 거의 없고 힘들다함,질문들은 다소 형식적이고 별다른게 없음 분위기는 좀 딱딱함
175,(주)씨에프에스코리아,IT/웹/통신,"면접보는과정이 조금 어수선했고 면접은 간단하고 쉬웠음 업무현장도 조용했음""",행동이빠른가 업무의 흐름과 이해는하고있는가 등으로 질문이 간단하게 있었음,가벼운느김
176,(주)마이플래닛,IT/웹/통신,"대표외 1명과 다대일 면접으로 진행되고 회의실에서 인터뷰 형식으로 진행됨.""",금연을 권장하는 것과 흡연을 권장하는 것의 차이점이 무엇인거 같냐고 물어봄. 흡연타임을 지나치게 갖는다면 어떻게 볼거 같냐 등을 물어보고 어떻게 답변하는지를 봄.,"기호에 따른 대응차이라고 대답함. 흡연에 대해서 계속 질문해서 권장하는거냐고 물었더니 어떻게 대답하는지를 보기 위한 질문이라고 했음.
나름의 인터뷰 방법이겠지만 의미도 참신함도 없는 질문같았음.
합격문자를 잘못보내고 보내기취소 후 사과없이 불합격문자를 보내는 다소 당황스런 통보방법이 의아했음.
공고내용으로는 실제 하는 업무를 알 수 없어서..."
177,블레스컴퍼니(주),IT/웹/통신,"채용사이트 지원 후 전화로 면접 일정 조율, 면접 진행""","전 회사 퇴사 사유, 다룰 수 있는 프로그램 등 기본적인 질문",있는 그대로 대답했습니다.
178,로브로브,IT/웹/통신,"현재 가능한 업무 범위 위주로 질문. 그 외에 질문은 간단한 내용이었음""",현재 가능한 업무 범위. 가장 자신있는 디자인 품목. 좋아하는 디자인 브랜드.,편안한 분위기에서 진행되며 회사 전반적인 분위기를 설명해주심.
179,브런트(주),IT/웹/통신,"작지만 면접 장소도 좋고 나름 체계를 잡아 진행하려는 느낌이었습니다.
긴장풀라고 사내 카페에서 파는 커피도 제공하였습니다.""","자기소개...
가장 어려웠던 프로젝트는? 왜 그랬는지
그외 기술 면접 질문들...",전체적으로 먼가 면접하는분과 안내 직원들도 정신없이 바빠보였습니다. 면접 시간이 생각보다 길었지만 회사 히스토리도 설명해주고 나름 좋은 인상을 받았습니다.
180,(주)까만돌,IT/웹/통신,"지원하고 연락와서 해당 건물 1층 카페에서 면접 봄""",딱히 기억에 남는 질문 없음. 자기소개서와 경력기술서를 꼼꼼히 읽은 듯한 느낌을 받았음.,굉장히 좋은 이미지였음. 앞으로의 내 커리어를 더욱 발전시킬 수 있을 거란 기대감이 들었음(입사하고 보니 말만 번지르르하고 실제로는 전혀 이루어지지 않을 내용들이었음)
181,달리샵(주),IT/웹/통신,"최소연봉은 얼마까지
장점이 뭐라고 생각하는지
전 직장을 그만두게된 계기""","왜 이 파트로 지원하게 됏는지 물어보셨을때
최소연봉을 바로 물어보심",칭찬도 많이 해주시고 부담없는 질문들을 해주셔서 좋았다
182,(주)비씨디플랫폼,IT/웹/통신,"면접이라 할 것도 없음. 그냥 회사 자랑에 맞장구쳐주면 대부분 합격""",면접 질문이 따로 없어서 뭐라 적을 게 없음. 회사에 대한 충성도에 질문이 있음.,열심히 할 열정이 있다면 대부분 합격할 수 있지만 본인이 만족할 연봉을 받을 수 없음.
183,(주)비에프이커머스,IT/웹/통신,"전화하시고 바로 면접일정 잡아서 면접보러 갔었습니다.""",딱히 전문적인걸 물어보진 않으셨습니다. 전직장 일한건 거기에서 본인들이 필요한 직원으로서의 업무했었는지 여부등입니다.,"면접은 항상 두분이서 보시는거같은데, 그냥 무난히 저는 면접봤지만 다른 재직자분들은 좀 말씀하시는 어투가 당황스러웠다 하기도 하셨습니다."
184,(주)펀앤쇼핑,IT/웹/통신,"지원 후 연락이 와서 날짜를 잡고 문자로 다시 한번 안내 받고 면접에 참여하였음""","이전에 뭐했는지, 모르는 업무가 생기면 어떻게 할껀지? 질문했었음",음.. 면접 자체가 체계적이지 않다는 느낌을 많이 받았다
185,(주)헬로마켓,IT/웹/통신,"일대일 1차 면접으로 진행되었으며 합격 연락까지 이주일 정도 걸린거 같습니다.""",해당 직무에 대한 질문과 운동(축구) 좋아하는지 등에 질문으로 편안하게 진행되었습니다.,일대일 면접으로 편하게 대화하듯이 진행되어 좋았습니다.
186,(주)보다,IT/웹/통신,"사람인 통해서 지원, 면접 일자 시간 안내 받음. 회사 후기에 자주 등장하는 여자분이 면접 본 거 같음.""","없음. 간단한 자기소개 듣고 그 후로는 급여, 근무, 연차 등등 코팅된 종이 보여주며 설명함. 회사 면접보다는 알바 면접 느낌.","지원과 동시에 무조건 합격인 면접... 당장 일 할 사람이 필요한거 같음. 근데 회사 내에 정해진 기준(세전 월 220) 때문에 경력에 따른 연봉협상은 불가하다고함. 인센티브는 본인이 개발한 상품 수익의 0.몇 퍼센트를 보다머니? 맞나 아무튼 그런거 준다고했고, 1년 미만 근무자 연차 12일인데 그 중에 7일은 여름 휴가 때에 소진 될 것이라고..."
187,(주)블랙벅,IT/웹/통신,"관상으로 면접보심 코로나시국인데 마스크 벗으라고 하심
면접인데 일에대한건 하나도 안알려주시고 안물어보심 자기 살아온 일대기 애기만 하심 한시간동안 자랑하심""","술잘먹니좋아하니? (처음부터 반말로 여쭤보심)
생년월일 띠가 어떻게 되니?(사주팔자도보심)",왠지 회식이 많을꺼같았고 강요하실꺼같은 느낌이듬
188,(주)이하나클럽,IT/웹/통신,"전화로 연락와서 면접 봤는대 카페에서 면접 봤음 당일 그 자리에서 합격함""",어디 성씨인지 어떤걸 할 수 있는지 이런거 밖에.....,웃음밖애 안 나오ㅓ요ㅋㅋㅋ. 진짜 대충 뽑아요ㅋㅋㅋㅋㅋㅋ
189,(주)프리스티지오브랜드,IT/웹/통신,"그냥 일방적으로 물어보는 것에 대한 답변만 하면 됐었음.
이 사람이 어떤 생각을 하는지 궁금해 하는 듯""","어떤 걸 기여할 수 있는지?
어떤 성과를 올렸었는지?
여기까지 오는데 얼마나 걸리는지?",대표와 1:1 면접으로 진행하여 약간 딱딱한 느낌으로 진행됨
190,전율디자인에이전시,IT/웹/통신,"이력서를 제출하고 하루만에 연락왔음. 아래 직원분께서 직접 전화로 면접일정을 잡음.""","1:1면접이였으며 가벼운 면접이였음. 주량,디자인과 코딩중 어느쪽에 관심이 더 있는가등의 질문.",디자인쪽에 관심이 더 있다고 했지만 코딩도 기회가된다면 더 배워보고 싶다고 답변
191,화진네츄럴,IT/웹/통신,"대리급으로 뽑는것 같은데 위의 상사가 어떨지를 모르겟음""","생산직 경험
재고관리 경험
물류 입출고 경험",회사가 전반적으로 생산팀이 어렵지는 않아보였음.
192,(주)세계로인터내셔널,IT/웹/통신,"이사님 한분과 면접을 보고 바로 회사로 투입
면접은 자유로운 분위기로 그렇게 압박적인 분위기는 아니다""",가벼운 수준의 질문이라 크기 기억에 와 닿는 것은 없고 앞으로 열심히 하겠다는 자세를 보여주었다,한명의 퇴사로 인해 충원 모집으로 들어간거라 그 사람 몫만큼 혹은 그사람 보다 더 잘해주길 바란다고 하였고 그 부응에 임하기 위해 열심히 답변하였다
193,(주)이해라이프스타일,IT/웹/통신,"기본적으로 배려를 잘해주셨습니다. 좋은 분위기로 면접을 진행되었습니다""",기본적인 기술질문들과 개발에 대한 마음가짐이나 태도에 대해서도 질문해주셨습니다.,괜찮은 분위기에서 진행되서 좋은 경험을 가지고있습니다.
194,(주)힌터,IT/웹/통신,"서류 통과 후 실무진 면접, 임원진 면접으로 진행""","단체 생활 경험 나열
단체 생활 중 트러블이 있었던 사례
어떻게 해결했는지",실무 스킬보다는 대인 관계를 더 중요시하는 것으로 보임
195,데이블링,IT/웹/통신,"회사에서 면접보지 않고 근처 카페에서 면접봄...........""",왜 입사해야하는지 물어봤구요 저 다음면접자가 있다며 그사람을 뽑을지 저를 뽑을지 대놓고 고민하시더라구요,면접이 동네 아저씨와 담소나눴던 느낌이에요
196,에스제이인터내셔날,IT/웹/통신,"실장과 대표면접 후 전화로 합격 여부통보""","가족 구성원, 혈액형, 부모님 직업 등",너무 사적인 질문을 많이 한다.
197,오가닉스몰,IT/웹/통신,"대표자 면접 후 즉시 채용되었습니다. 특별한 인사체계가 없고 직원수가 적어서 대표가 직접 모든 채용업무를 하였습니다.""",이전에 어떤 업무를 했는지? 해외경력이 있는데 어떤일을 했는지? 수입업무를 해 봤는지?,면접잘문이 준비없이 즉흥적으로 이루어짐
198,머지홀딩스(주),IT/웹/통신,"지원 후 일주일이내 면접제의가 와서 면접을 보고 처우협의를 하였음""","종교활동에 대해 어떠한가, 페미니즘에 대해 어떻게 생각하는가, 잘적응하는편인가",대체로 너무 편향되지만 않게 대답한다면 긍정적이였음
199,(주)옐로우그라운드,IT/웹/통신,"면접은 대표님이랑 1대1로 면접을보는데 편안한 분위기입니다.""","입사지원동기, 회사입사후의 포부, 경력사항 3가지가기억에남습니다.",편안하게봐서좋았어요^^
200,(주)엠지텍,IT/웹/통신,"엠지텍에 직접 방문 후 면접해서 전화로 통보해주셨습니다.""",이력서 읽으시고 편하게 대화해서 질문은 딱히 없엇습니다.,좋았습니다.
201,(주)유인컴퍼니,IT/웹/통신,"지원 후 얼마 지나지 않아서 연락이 옴""",간단하게 업무 관련으로 가능한 부분들을 확인함(어떤 프로그램을 다룰 줄 아냐 등),딱히 어려운 점은 없었습니다. 본인 그대로 얘기하면 될 것 같아요.
202,박스앤캔,IT/웹/통신,"제가 이전에 하던 분야가 아님에도 굉장히 편안하게 잘 얘기해주셨어요""","사용프로그램을 얼마나 효율적으로 능력을 발휘할수 있는지?
회사에 적응을 잘 할수 있는지?
업무에 대한 어려움은 없겠는지?",제가 물어봤던 부분에 대해서는 성심껏 대답해 주셨습니다.
203,고그인터내셔날,IT/웹/통신,"면접 본 당일날 연락을 받고 바로 출근 하게 되었습니다.""","해당 직무에 관한 내용, 근무했던 회사에 대한 것, 회사에 오는데 걸리는 시간","면접날 오전에 다른 업체의 면접을 본상태에서 오후에 면접을 보았는데 오전의 회사와 정반대라 더욱 좋았습니다.
너무 딱딱하거나 몰아세우지 않고 편안한 분위기에서 편안하게 말을 할수있어서 하고 싶은 이야기를 다할수있었습니다.
입사 후에 어떠한 업무를 할것인지 자세히 이야기해주셔서 더욱 좋았습니다."
204,(주)슈퍼스타아이,IT/웹/통신,"편안한 분위기에서 진행됨
뭐 할 수 있냐 물어보고 특별히 어려웠던 질문은 없었다""","어떤 자격증이 있고 어떤 프로젝트를 진행했었는지, 어떤 툴을 다룰 수 있는지 주로 물어봤음",까다롭지 않았다
205,(주)왓비타,IT/웹/통신,"핸드폰으로 연락이 오고
문자로 일정, 장소를 통보받고
도착 시 회의실로 안내 받은 후 면접 진행
그리고 후에 결과 문자 옴""","꿈을 구체적으로 물어보는게 특이하고 본인의 커리어패스를 자세히 물어봄
이 회사에서 와서 무엇을 배우고 무엇을 하고 싶은 지 물어봄
질문이 없다고 하면 질문을 하라고 계속 함",면접관은 2명이었는데 리액션들이 좋아 대답할 맛이 남
206,(주)반려동물과사람들,IT/웹/통신,"연락받고 면접 후 다음날 연락이 와서 개인적인 사유로 2주 후 출근하였다.""","이전직장 퇴사 사유, html코딩 가능여부, 포트폴리오에 대한 간단한 코멘트 요청",어느 정도 결정이 되어 있었는지 특별한 질문이 없었다.
207,아임희제,IT/웹/통신,"채용사이트 이력서 접수후 개별 연락받아 면접 진행함""","1. 업무관련 가능여부
2. 업무 깊이 보다는 여러가지를 할수있는지 물어봄
3. 근무하는 회사 관련 질문",매너있게 질문하시고 회사 분위기가 자유롭게 느껴짐
208,(주)헤세드스튜디오스,IT/웹/통신,"일주일내로 연락이왔으며, 회의실이 딱히없어서 한쪽에서 면접좀 분의기 어우선했음""","지원동기, 강점이무엇인지, 어떤 성격인지, 야근에 대해 어떻게 생각하는지.",사람을 뽑겠다는 의지가 별로없어보임.아무나 걸려라 그런느낌을 맞음.
209,자야(주),IT/웹/통신,"회사 팀장님과 면접을 봤는데 친절하고 좋았습니다 착한느낌!""",왜 지원했는지 능력이 무엇인지 어디서 일했는지를 물어봅니다,느낌이 좋아요!
210,(주)칩앤웍스,IT/웹/통신,"대표님과 직접 일대일 면접
편안하게 물어볼꺼 물어보심
연봉도 솔직하게 물어봄""","샘플 주시면서 이 화장품 어떤가
테스트 해보고 리뷰 말해봐라","대표님이 젊고 센스 있어 보이심
처음 보는 화장품이나 디자인이 독특"
211,(주)피트니스코리아,IT/웹/통신,"자기소개같은거 안시키고 이력서 읽어보고 간단한거 2~3개 질문함
나머지는 연봉이나 휴가""","회사의 주력상품이 뭐인거 같냐고 물어보더니 갑자기 채용전인데 과제를 내줌 ㅋㅋ 지원자 역량이 의심스러우면 안뽑으면 되는거지 취준생들 시간뺏고 배려는 안함 ㅋㅋ 연봉도 2200이야기하고 과제 잘하면 2400줄게~ 이런식으러 인심쓰는척 말함 ㅋㅋ
휴가는 빨간날 연차에서 깐다고 함 ㅋㅋ",상대방에대한 배려가 없는듯
212,(주)핑고리,IT/웹/통신,"인터뷰 횟수 1회, 사장과 다른 직원 해서 2:1 면접. 분위기는 화기애애하고 발전적인 얘기들. 얘기가 길어져 1시간 정도.""","딱히 어떤 질문은 기억이 안나고, 사업의 비전이나 전망, 약간의 토론 형식으로 장시간 진행됨.",미래를 같이 꿈꾸는 진취적인 회사. 사장이 젊고 수평적인 회사인 느낌.
213,(주)티월드글로벌,IT/웹/통신,"차분한 분위기. 그동안 어떤 업무, 프로모션을 했는지 설명""",기억에 나는 질문은 딱히 없습니다. 예상했던 질문만 해주심,"어떤 프로모션을 했는지, 성과가 어땠는지에 대해 설명."
214,(주)스퍼셀,IT/웹/통신,"연봉 후려치기를 하기 위한 노력과 본인 자랑""","연봉이 이 정도를 맞추긴 어렵다
성과만 보여준다면 돈을 올려준다
난 돈을 잘 올려주는 사람이다

????",성과가 나면 당연히 연봉이 오르는 겁니다..
215,(주)화이트코튼,IT/웹/통신,"면접분위기는 화기애애했습니다
강압적인 분위기도 아니고 대표님과 다이렉트로 면접을 보았습니다.""",좋아하는 멘토가 있는지 질문하였습니다,대표님의 자랑이 30분정도 길게 있었습니다
216,(주)바이브레이트,IT/웹/통신,"그냥 대화하는 분위기로 진행함. 브랜드에 대해서 많이 물어보고 마케팅을 왜 하고 싶은 지 등 물어봄""","바이브레이트에 대해서 아는대로 말해봐라, 최근 sns콘텐츠나 이슈 사항 봤냐, 왜 바이브레이트냐 등",원래부터 좋아했던 브랜드다 등
217,(주)위제스트,IT/웹/통신,"3대2였고 분위기는 그렇게 딱딱하지 않았지만 좀 어려운 질문도 있었다""",면접도중 임원이 갑자기 들어와서 회사제품을 보여주며 얼마일것같냐고 물어봄,자기어필 할수있는걸 준비해가면 좋을 것같습니다. ㅎㅎㅎ
218,유니온풀(주),IT/웹/통신,"임원진, 팀장, 실무자 이렇게 세 명 들어오셨었고, 분위기는 웃음기 없는 조용한 편이었음.""","포트폴리오 브리핑하면서 자신의 장점이 가장 잘 들어난 작업이 무엇인지, 그리고 그 이유. 자신에게 디자인이란?",면접의 정석같은 느낌. 크게 생각치못한 질문을 한다던가는 없었음
219,브릭앤(주),IT/웹/통신,"면접은 서류면접과 실무면접 임원면접 진행핬음""",그동안 진행해온 업무와 앞으로 진행할 업무의 적합성,그동안 진행해온 과정과 이걸 기반으로 뭘 할수있는지 어필
220,디피이(주),IT/웹/통신,"이력서 넣은 후 일주일내로 연락이왔고 사무실에서 면접봤습ㄴ다""",성격 장단점 지난 회사 성공사례등 질문을 했습니다,굉장히 좋았습니다 면접관님께서도 매우 친절하도 편안한 분위기를 이끌어주셨어요
221,(주)꽃배달로즈존,IT/웹/통신,"처음 면접을 본 뒤에 며칠내로 연락이 와서 바로 첫 출근""","서비스직 경험, tm직 경험과 엑셀 등 간단한 문서작업 가능여부",면접에 어렵거나 복잡한 질문은 없었음
222,도드리,IT/웹/통신,"비교적 편안분위기에서 면접을 봤고 1:1면접이고 편하게 보면될듯""","경력사항,자기소개,자기의 장점 추구하는 방향등등 물어봤음",솔직하게 대답했고 경력이 없어도 잘 할수 있고 자신있게 대답했다
223,주식회사 인카루셀,IT/웹/통신,"압박면접을 지향하는듯하나 면접관이 계속 말꼬리를 잡고 부정적으로 압박함.합리적인 질문이 아니어서 면접 후 기분이 나빴음""","혈액형부터 존경하는 인물 등에 대한 개인적,정치적 질문까지함",부정적인 질문으로 불쾌하여 면접 태도가 좋지않았을것으로 판단됨
224,(주)탭온북스,IT/웹/통신,"찬절했고 화기애애했다.
준비는 따로 안했다
앱보여주며 사업내용설명해줌""","기술적인부분과 포폴에대하여 질문.
인성관련질문포함
집위치. 결혼했는지.","성심성의껏 잘 웃으며 설명함
궁금한것들 죄다 물어봄. 다 친절하게 설명해줌"
225,(주)버즈니,IT/웹/통신,"BEST
"" 서류-코딩테스트-실무진면접-임원진면접""","프론트엔드 개발자로 지원
코딩테스트 - html,css,javascript를 이용한 그래프 구현
실무면접 - 코딩테스트 설명, 자기소개, 지원동기, 자사앱 평가, 경력 설명, 성격
임원면접 - 코딩테스트 브리핑만 없으며 실무면접과 크게 다른 점 없음","코딩테스트의 난이도는 높지 않습니다. 익숙한 자바스크립트 프레임워크가 있다면 함께 사용해도 됩니다. 제출기한은 5일로 넉넉하게 받지만, 가능한 빨리 만들어서 제출할 것을 추천합니다. 이를 기반으로 실무진 면접에서 브리핑을 해야하기 때문에 깔끔하게 코딩해야 합니다. 제 경우엔 규정에 어긋나지 않는 선에서 추가적인 효과를 넣었는데, 사용성 중시라는..."
226,(주)티몬,IT/웹/통신,"BEST
"" 면접은 총3번
1차, 2차는 인사팀과 실무자와 하는 면접
2차때 써드아이 면접을 같이 본다
타부서의 실무자와 보고 나는 물류팀과 함께봄
써드아이가 편한 분위기라는 후기를 봤지만
생각보다 압박면적식이라서 땀이...""","질문
1차 ] 티몬 이용경험 불만족 사항 만족 사항 구매물품
1차 ] 개인적인 질문 1~2개 (자소서 관련)
1차 ] MD란 무엇인가
1차 ] 소싱하고 싶은 품목과 이유
2차 ] 나의 MD로의 장단점
2차 ] 경력위주로 질문 (퇴사이유등)
써드 ] 티몬의 인재상(?) 7가지를 아느냐
그중 당신과 제일 맞는것은?
써드 ] 야근에 대해 어떻게...","- 이용경험
솔직히 하나밖에 없다고 대답,(그마저도 반품) 추가로 지인이 티몬 브이아이피 혜택을 받는것을 자세히 보았고 그에 대한 이점에 대해 설명
- MD란?
제품을 사고싶게 하는 존재, 고객과 소통하는 존재, 회사를 만드는 존재
- 소싱하고 싶은 품목
티몬이 PB상품을 개발하고 있기에 PB를 하고싶다고 얘기
- MD로의 장단
지난 MD경력..."
227,(주)지마켓,IT/웹/통신,"BEST
"" 2016년 상반기 공채 CM직무 지원 후 이메일로 서류합격 안내를 받았습니다. 서류-1차면접(실무진)-2차면접(임원) 이었고, 서류통과 후 약 일주일 후에 면접이었습니다. 직무별로 사전 과제가 주어지고, 3개의...""","피티 관련 질문으로는 해당 아이디어에서 부족한 부분이 무엇이라 생각하는가(본인), 아이디어가 너무 무난한 것이 아닌가 이미 다른 경쟁사에서도 진행했던 것들인데 어떻게 생각하는가(옆 지원자)와 같은 2-3개 정도의 질문이 있었습니다.

인성면접에서는 기본적으로 1분 자기소개, 왜 전자상거래이며 해당 직무를 선택했는지, 자신이 뽑혀야 하는 이유는...","1분 자기소개, 지원동기 등은 자소서에 작성한 것을 기반으로 준비했습니다. 편안한 분위기에서 진행되었기 때문에 다른 질문에 대해서는 외운 답변보다는 그 자리에서 진정성있게 이야기 하려고 노력했습니다. 3:3면접이었는데 시간이 많지 않아 답변시 짧게 요점만 이야기하시면 좋을것같습니다. 실제로 면접관분이 한 지원자가 너무 길게 이야기하면 다른 사람들이..."
228,(주)위메프,IT/웹/통신,"BEST
"" (AMD지원) 홈페이지에서 지원 후 면접, 인성검사, 입사 확정까지 일주일 안걸렸음. 계약직이라 인사팀에서만 면접 봄.""","주로 자기소개서 위주로 물어봤으며 지원하는 카테고리에 관심이 많다는 걸 어필하면 무난히 합격 함. 간단한 자기소개, AMD가 하는 일(MD와 차이점을 얘기하면서 대답하는게 좋을 듯), 지원 카테고리에서 하고 싶은 일, 나머지는 경력사항이나 자기소개서 질문했음, 마지막 질문도 있음","AMD가 하는 일, 지원 카테고리에 관심이 많다는 걸 어필하는 것이 중요함, 정규직 전환 가능, MD의 업무가 이렇고 AMD 또한 MD의 역량이 필요하다고 생각함, 요즘은 이런 트렌드이기 때문에 이 아이템으로 진행하고 싶다, 나머지는 개인경력 질문과 자기소개서에서 질문 함"
229,(주)머스트잇,IT/웹/통신,"BEST
"" 서류 접수 일주일 후 연락받고 그 다음날 1차면접(실무진면접)진행,
그 다음주에 2차면접(임원면접)을 진행하였고 그 자리에서 합격통보""","<1차면접>
지원동기 및 자기소개
경력 위주의 질문
IT트랜드에 관련된 질문 (주로 오픈마켓에 대한 질문)
그 외 이력서 및 자기소개서 내용 관련 질문

<2차면접>
미리 작성한 스토리보드 발표
주로 직무와 기존 조직원들과의 융화 등 적응에 관한 질문","<1차면접>
경력위주의 간단한 자기소개
각 경력이나 프로젝트 별 성공/실패 이유와 배운점 위주의 대답
이력서 및 자기소개에 대한 질문을 솔직히 답변

<2차면접>
빠르게 적응할 수 있다고 답변"
