,subject,title,content
0,flutter,webview_flutter 안드로이드 cookie 질문이요...,"회사에서 부득이하게 앱개발자 없이 앱개발을 해야하는 상황이라 웹으로 만들고 flutter 웹뷰를 만들었습니다. iOS에서는 쿠키에 jwt가 저장되서 자동로그인 기능이 잘 작동되고 있는데요, 안드로이드에서는 cookie를 따로 관리를 해줘야 한다고 하더라구요... 그래서 webview_cookie_manager 와 flutter_secure_storage를 이용해서 onPageFinished가 될 때 main page이면 cookieManager.getCookies로 jwt를 가져오고 storage.write로 쿠키를 저장해 주고 있습니다. 그리고 initState()할때 Future<void> _loadStoredCookies() async { final jwt = await storage.read(key: 'jwt'); print('jwt : $jwt'); if (jwt != null) { final cookieManager = WebviewCookieManager(); await cookieManager.setCookies([ Cookie('jwt', jwt) ..domain = ""메인페이지"" ..path = ""/"" ..secure = true ..httpOnly = true ]); bool hasCookies = await cookieManager.hasCookies(); print('쿠키가 존재하는가? $hasCookies'); } } 이렇게 쿠키를 확인하고 쿠키를 set해주는데 백그라운드에서 앱을 완전히 종료시키고 다시 실행하면 쿠키가 사라지더라고요... 왜 그런건가요...??"
1,flutter,flutter에서 native 앱 개발자로 넘어가야 할 지 고민입니다.,"flutter로 지금 만 2년 정도 개발을 하였습니다. flutter가 매력이 있고 발전 가능성이 있다고는 생각하나 좀 더 규모가 있는 회사로 가기에는 알맞지 않은..? 것 같습니다. 제가 생각한 이유는 다음과 같습니다. 1. 규모가 있는 회사에서는 이미 native로 되어 있는 앱을 가지고 있는 경우가 많다. 2. 이런 회사들의 경우 신규앱을 flutter로 만들기 위해 flutter 개발자를 뽑아도 native 경력을 가진 사람을 선호한다. (제가 본 채용공고가 전부는 아니겠지만, 대부분의 경우 flutter를 써봤거나 관심이 있는 native 경력자를 뽑음) 3. 새로운 서비스를 굳이 flutter로 할 이유가 없어보임, 이미 있는 native인력을 두고 flutter를? 지금 다니고 있는 회사가 안정성이 없진 않아서 시간이 촉박하진 않지만, 지금이라도 커리어 전환을 해야 될지 고민이 됩니다. 커리어 전환을 고민하는 이유는 다음과 같습니다. 1. flutter 이직이 쉽지 않습니다. 사용하는 회사도 많지 않을 뿐더러, 대부분의 공고가 스타트업의 채용공고라 불안정성을 안고 가야합니다. 2. 네이티브 기능이 아쉽습니다. 그 os에 특화된 디자인, 기능이 요구사항으로 올 때마다 머리가 아픕니다... 3. flutter가 native 시장을 뺏어올 수 있을까 에 대한 의구심이 듭니다. (개인적인 생각) 긴 글 읽어주셔서 감사합니다. 나이는 26살입니다."
2,flutter,flutter 화면 전환,"안녕하십니까! Flutter로 졸업 작품 앱 개발 진행 중인 대학생입니다. Splash 화면 구현과, 자동 로그인 및 사용자 초기 정보 입력 페이지를 구현하던 중, 화면 전환에 대해 궁금한 점이 생겼습니다. 1. Navigator.push()를 이용해서 route를 전환 2. route를 구성하는 전체 위젯을 갈아끼움 두 방법 중 사용자에게 또 다른 화면 구성을 제공하는 방법에는 어떤 것이 더 효율적이며, 무슨 차이가 있는지 궁금합니다!! 예시 1번 if (_autoLogin) { Navigator.push(context, (context) => FirstPage()); } else { Navigator.push(context, (context) => SecondPage()); } 2번 Scaffold( body: _autoLogin ? FirstPage() : SecondPage() )"
3,flutter,flutter와 arduino의 블루투스 통신 방법,컴퓨터과학과 1학년에 재학 중입니다. 이번에 과제로 flutter와 bluetooth의 통신을 구현하게 되었습니다. flutter blue를 활용해서 통신을 구현해보려고 했지만 여러가지 문제가 생겨서 질문을 하게 되었습니다. 질문 1. flutter blue로 arduino와 통신이 가능할까요? stack overflow나 여러 코드를 참조하려고 구글링을 했지만 시원한 답이 나오지 않았습니다. 질문 2. 더 좋은 대안이 존재하나요? flutter blue가 아닌 다른 패키지를 통해서 더 나은 방식으로 bluetooth 연결이 가능한지가 궁금합니다.
4,flutter,"Flutter terminated 상태에서 full-screen 알람 질문드립니다,,","flutter로 프로젝트 진행중인데 막혀버려서 질문드립니다,, 현재 fcm을 통해 data의 isfullscreen의 값을 bool 값으로 받아 true라면 원하는 페이지를 띄워 강한 알람을 주고 false라면 일반적인 push 알람을 받으려고 합니다. 알람 어플들을 생각하면 편하실 것 같아요. 조건은 다르지만 특정 상황에서 잠금화면이라도 페이지를 통해 사용자가 이벤트를 실행하면 꺼지게 하고 싶은데 쉽지가 않아서 질문드립니다,,, 혹시 flutter로만은 안될까요?"
5,flutter,Flutter에서 Ini File,"VSCODE환경에서 Flutter를 이용해서 Android app을 개발중입니다. ini file을 통해 ip address등 환경변수들을 저장하고 싶은데, ini.dart 나 ini_file.dart등 package를 써봤는데, 권한 문제인지 경로문제인지 화일을 찾을수 없다고 나오거나, (OS Error: Read-only file system, errno = 30)이런 에러가 뜹니다. 아직 Flutter는 초보라서 잘 모르니 고수분들의 지도 간곡히 부탁드립니다."
6,flutter,flutter 앱 난독화 방법 중 어떤 방법이 더 효율적인가요?,"Flutter 앱 개발 중인 학생입니다! 제가 판단했을 때는 앱이 어느정도 갖춰진 것 같아서, 출시를 도전하려고 합니다! 보안도 중요한지라, api key같은 중요한 정보는 디컴파일이나 리버스 엔지니어링으로부터 보호해야 한다고 하더라구요! 프로젝트 firebase-options 파일에 API-Key가 포함되어 있어서 보안 목적으로 난독화를 진행하고 싶은데요! 1. proguard 2. flutter build apk --obfuscate --split-debug-info 제가 잘 몰라서 그러는데, 위 두 방법 중 더 효율적인 방법은 무엇인가요?? 아니면 혹시 1. proguard 파일을 작성 후 2. 터미널 명령어를 이용해서 난독화를 진행하는 건가요?? .env 파일을 이용해서 api key를 숨기는 방법도 있던데, 이 방법은 난독화에 비해서는 보안에 취약한가요?? 고수분들의 도움을 받고 싶습니다!!"
7,flutter,학교를 졸업했지만 어디 분야로 가야할지 모르겠습니다,"저는 원래 기계공학과였다가, 저랑은 영 맞지 않는것 같아서 1년 반 다니다가 컴퓨터공학과로 전과했습니다. 그런데 기계공학과와 컴퓨터공학과 모두 공학이긴 하지만 듣는 강의는 차이가 꽤 있어서 기계공학과에서 들었던 학점 대부분은 인정받지 못하고 증발해버렸습니다. 그래서 2학년이긴 하지만 전공학점은 신입생들과 별반 다를바가 없었어요 잘못하면 제때 졸업못하고 최소 1년이상 초과학기를 하게될테고 형편상 그건 어렵기 때문에, 전과해서 아는것도 하나도 없음에도 2학년과 1학년 수업을 같이 들으면서, 어떻게든 학기마다 풀학점으로 꽉꽉 채워서 결국 초과학기는 한 학기만 한 채로 졸업할 수 있었습니다. 그래도 나쁘진 않았습니다. 적어도 기계공학과에 있을 때보단 이쪽이 훨씬 제 적성에 맞았거든요. 그래서 그런지 학점도 4.0/4.5점 으로 괜찮게 졸업할 수 있었습니다. 그런데 너무 수업만 따라가기 바빠서 그런건지 졸업한 뒤 제가 어느 분야로 갈지는 깊게 생각해보질 않았어요. 미리 생각해 놨다면 학교 수업 외에도 그쪽으로 따로 공부를 하면서 준비할 수 있었을텐데, 그러질 않았으니 그저 학교에서 하는 강의만 열심히 들으면서 다녔습니다. 그리고 졸업하니까 어디로 가야할지 모르겠더라고요. 일단 제가 학교에서 배우고 해봤던걸 대충 적어보자면 javascript, java, python, c, html, css, mysql, oracle, unity, android studio, jsp, unix 이정도와 운영체제, 자료구조 같은 cs 입니다. 일단 저는 원티드, 로켓펀치, 프로그래머스 같은 사이트들을 돌면서 공고를 살펴 봤습니다. 프론트엔드쪽 기술스택을 살펴보니 html, css, javascript는 배웠지만 react, redux, node.js, next.js, typescript 이런 것들이 나오는데, 전부 한번도 안해봤던 것들이더라고요. 그래서 백엔드쪽 기술스택을 살펴보니 spring, jpa, django, docker, fastapi, flask 등등 이런것들이 나오는데 역시 안해봤던 것들이었습니다. 그래서 다음은 안드로이드쪽을 살펴봤습니다. 팀프로젝트를 하면서 앱을 만든 경험이 있었거든요 kotlin, flutter, react...역시 안해본 것들입니다 저흰 java만 배워서 코틀린을 안해봤습니다. 그리고 flutter, react 같은 크로스플랫폼 또한 다뤄본 적 없고요 이런식으로 막상 실무에서 요구하는 기술들과 제가 학교에서 배웠던걸 매치해보니 제가 부족한게 너무 많더라고요. 사실 처음 채용공고 봤을땐 제가 모르는 용어들도 많아서 멘붕이 왔었습니다. 물론 이제 막 학교 졸업하고 실무경험도 없는 신입이니 부족한게 많은건 당연한것이고, 신입이 그 기술스택을 다 숙지할 수도 없다는것도 알고 있습니다만, 그럼에도 제가 너무 부족한게 많다는 생각을 지울수가 없더군요 서론이 길었네요 그래서 결론은 현재 저의 상태에서 가장 빠르게 준비해서 취업할 수 있을만한 분야가 어디일까요? 저는 개발쪽이기만 하면 상관없는데, 저희집 사정상 가능한한 빠르게 준비해서 빠르게 취업하고 싶습니다."
8,flutter,Flutter_Secure_Storage 배포 오류 질문드립니다.,"안녕하세요. Flutter 주니어 개발자입니다. Flutter secure storage 패키지 사용해서 각종 정보 암호화하여 사용하였는데 해당 패키지가 릴리즈 디버그 에서는 오류를 발생시키지않다가 배포후에 read가 되지않는 오류가 몇몇 기기에 발생하였습니다. 공식문서에는 안드로이드 기종에서 문제가 있을수 잇다는 글이있어 옵션(encryptedSharedPreference : true)을 걸어두었습니다. 그럼에도 오류는 해결되지않았는데, 혹시 해당 오류 경험하셧거나 해결방안 아시는분계실까요?"
9,flutter,중고신입 프론트엔드 이직 고민,"안녕하세요. 프론트엔드 개발자로 일한지 1년정도 된 신입 개발자입니다. 처음 개발입문을 웹개발로 시작해서 React를 공부했고 그렇게 React개발하는 회사에 취업해 6개월정도 JS기반 React 프로젝트를 진핸했습니다. 이후 회사가 모바일앱을 개발하게되어 독학으로 Flutter를 공부하게되었고 현재 5개월째 Flutter개발로 앱개발을 업무를 하고 있습니다. 이런 상황에서 여러가지 이유로 이직을 고민하고 있는데요...! 웹개발과 앱개발 모두 개발하는 과정에서 다 재밌었고 좋았습니다. JS로 개발하다가 오히려 Dart를 사용하면서 타입이 적용되서 더 꼼꼼히 개발하게되는 경험이 있었고 상태관리를 쓰는것도 웹개발때 보다는 flutter개발에서 더 그 구조를 잘 이해하게 된거같습니다. 그런데, 이직을 고려하는 시점에서 React개발자로 이직을 하고 싶습니다. 현재 회사에서는 flutter개발을 하고있지만, flutter를 개발한 경험이 제 스스로에겐 개발 전체적 경험에서 많은 도움이 된거같은데 이런 부분을 React웹개발자로 지원하는데 이력서를 어떤식으로 작성해야 할지 모르겠습니다. 처음 6개월 리엑트 개발을 하면서는 첫 프로젝트고 정신이없어서 개발했던 내용들을 잘 정리를 못했더라구요.. 그래서 flutter개발을 하면서는 개발이슈라던가 그런것들을 정리를 했는데, 앞선 리엑트 경험이 6개월전 경험이어서... 이걸 어떻게 어필하는게 좋을지 어필이 되는지... 다른 리엑트 프로젝트를 지금이라도 개인적으로 더 해야할지 고민이됩니다. 두서없이 길게 작성을 했네요 ㅠㅠ 짧게 정리하면, 6개월 리엑트 5개월 플러터 한 경험으로 리엑트 중고신입으로 지원하려면 어떤식으로 전략을 짜는게 좋을까요??? 긴글 읽어주셔서 감사합니다!"
10,flutter,앱(Flutter)에서 JSON데이터를 검색하려고 합니다,"안녕하세요 Flutter를 이용하여 식단 및 체성분 관리 앱을 개발 중인 대학생입니다! json형식의 식품영양성분 공공데이터 안에서 사용자가 입력한 식품명 검색어를 기준으로 데이터를 불러오려고 합니다. DB는 Google Firebase를 사용 중이며, 위와 같은 목적으로 데이터를 사용 할 때에 적합하지 않다면 다른 DB를 사용 할 의향도 있습니다. 사용자의 검색어로 시작하는 특정 데이터만이 아니라, 검색어를 ""포함""하는 데이터도 불러오고 싶습니다. 현재 어느 정도 그려 본 방법입니다. 영양성분 JSON 다운로드 ↓ Python을 이용하여 필요한 데이터만 가공 ↓ Firebase Realtime Database / Storage에 저장 ↓ 저장된 JSON을 API 호출을 통해 String으로 불러옴 / 앱 내부에 .json 파일로 저장 ↓ Map으로 변환 후 캐싱 ↓ 사용자가 검색어 입력 ↓ 검색어를 포함하는 데이터만 별도 리스트에 추가 여기서 데이터를 불러오는 과정에서 필터링을 거치지 않는 이유는 Firebase Realtime Database에서는 검색어를 ""포함""하는 것이 아닌, 사전 순으로 검색어 기준 뒤에 있는 데이터만 가능하다고 합니다.. 그래서 결국 JSON파일로 직접 사용하기로 했습니다 혹시나 저의 부족함이 보이시는 분들의 조언과 피드백을 듣고 싶습니다! 더 나은 방법이 있다면 무차별 폭격 및 질문 부탁드립니다! 미리 감사드립니다 (_ _)"
11,flutter,Flutter firebase stream 채팅 데이터다 불러와서 팅기는 문제,Flutter에 firebase stream으로 실시간 채팅 앱을 만들었는데 데이터가 많아지면서 앱이 팅기는 문제가 생기고 있습니다 limite 말고 다른 방법이 있을까요? Future는 data page가 있는데 stream은 없는거 같아서 다른 분들은 어떻게 하나요? 아니면 로컬에 저장하고 사용하나요?
12,flutter,SSAFY(싸피) vs LG DX School vs 네이버 부스트캠프,"인서울 대학의 전자공학과에서 생성형 AI 관련 연구(이미지 생성)로 석사를 졸업 후 29살이지만 자신감이 부족해서 부트캠프를 고려하고 있습니다. (이미지 생성 개발자를 찾는 사람도 없고... 참 연구주제 선택이 후회되네요) 1. SSAFY: 데이터 트랙 / https://www.ssafy.com/ksp/jsp/swp/swpMain.jsp 2. LG DX School / https://dxschool.co.kr/ 3. 네이버 부스트캠프 AI 테크 / https://boostcamp.connect.or.kr/program_ai.html 위 세 가지 중 선배님들은 어떤 부트캠프를 추천하시나요? 그저 바람이지만 데이터사이언티스트 쪽이면 좋겠네요,,, 정보 및 고민: 1. 싸피의 데이터트랙은 이번이 첫 기수입니다. 따라서 정보가 전혀 없는데, 데이터사이언티스트 교육이 아닌 데이터엔지니어 교육일까 걱정이네요. 2. LG DX School또한 첫 기수인데, Java, Spring, jsp/servlet, Flutter이 커리큘럼에 있어 망설여지네요. 3. 부스트캠프는 AI 전문코스이며 CV, NLP, RecSys의 세 가지 선택지가 있습니다. 이미지 생성쪽이 없는게 아쉽네요,,"
13,flutter,Flutter AppLifecycleState 질문이 있습니다.,flutter에서 AppLifecycleState를 이용하여 paused -> resumed 상태로 변경될 때 잠금 화면 위젯으로 이동하게끔 구성하려고 합니다. 다만 이렇게 하면 동작은 되지만 생체인증/업로드 등의 동작을 하더라도 앱을 벗어났다고 판단해서 잠금 화면을 띄워주는 것 때문에 문제입니다. 제가 AppLifecycleState를 잘못 사용하고 있는건가요? 아니면 여기서 추가로 더 로직을 구현해서 예외처리를 해야하는걸까요? 아무리 구글링/스택오버플로우를 찾아봐도 딱히 이런 내용은 없어서 저만 바보인 것 같은 느낌이 드네요 🥲
14,flutter,Flutter web firebase 변경,Flutter 기술을 공부하고 있는 대학생입니다. :) 기존 flutter web project를 git clone한 후에 사용 중이던 firebase 프로젝트를 다른 프로젝트로 변경하려고 index.html파일에 config를 수정했는데 적용이 안돼서요 ! 혹시 이 방법이 아닌가요 ?
15,flutter,[DB 설계] postreSQL 주소 저장,"대학 4학년 재학중이고 현재 스타트업 초기 개발자로 근무를 시작했습니다. 프론트는 flutter, DB는 postresql, 백 프레임워크는 python Django를 이용해 하이브리드 어플리케이션을 개발하고자 합니다. 장소 table을 만들면서 주소 column을 만들어야 하는데, 서울/부산/울산 등 지역별 필터링이 가능하도록 설계해야 합니다. 1. 단순히 textfield 를 하기엔 필터링마다 모든 row의 주소 column에서 해당 단어들을 찾아야 하는 부담이 있고, arrayfield(char)을 하기엔 프론트에서 받아와서 처리하는 것에 어려움이 있을 것 같습니다. 2. 프론트에서 주소 입력하는 형태가 아직 정해지지 않았는데, 아마 도로명 주소 검색해서 선택하고 상세주소를 입력하는 방법을 도입할 것 같습니다. 이 기능을 구현해본 적이 없어 어떤 식으로 DB를 설계하고 입력/저장/출력을 관리하면 좋을지 조언을 구하고 싶습니다. 덧붙여서, 혹시 지도 api 등을 연결해서 주소를 등록하게 되더라도 DB 설계에는 변함이 없는게 맞는건지 궁금합니다. 감사합니다."
16,flutter,커리어리 앱은 어떻게 만들었나요?,"대학교 3학기를 마치고 군 복무 중인 초급 개발자입니다. 커리어리 같은 앱을 만들고 싶은데요. 웹/앱 개발을 위해 풀스택 로드맵을 찾아보니 여러 디자인 프레임워크, 프론트엔드 프레임워크, 백엔드 프레임워크, 데이터베이스들이 있더라고요. 디자인 프레임워크에는 Material UI, Bootstrap, ... 프론트엔드 프레임워크에는 React, Next.js, Flutter, ... 백엔드 프레임워크에는 Spring, Django, Express, ... 데이터베이스에는 MySQL, SQLite, ... 이렇게 여러가지가 있던데 각각 장단점들이 있어서 이중에서 어떤 것을 공부해야 할지 모르겠어요. 저는 Python, C/C++, Kotlin(약간)을 배웠습니다. 제게 필요한 프레임워크는 어떤게 있고 어떻게 찾아야 할까요? 일단은 Material UI, Flutter, Express, SQLite로 해볼까 합니다. 이게 괜찮은 선택일까요?"
17,flutter,JAVA를 안써봤는데 Kotlin을 입문해도 괜찮을지 고민입니다.,"안녕하세요. 2년차 30살 프론트엔드 개발자입니다. 저의 기술 스택은 React, React Native, Flutter, VueJS 등등 한 번씩 프로젝트로 겪어봤습니다. 이 중에서 Flutter로 업무 방향성을 잡고 나아가고 싶다는 마음이 큽니다. Flutter와 더불어 Native 언어인 Kotlin을 입문하고 싶은데, JAVA를 한 번도 안써봤는데 지금부터 입문해도 괜찮을까요?"
18,flutter,Flutter만 가지고가기엔 한계가 있을까요?,"안녕하세요 . 곧 졸업 앞둔 취준생 프론트앤드 개발자입니다. Flutter만 가지고 취직준비를 하려는데 구하는 곳이 너무 조금밖에 없고, 대부분 10명내외의 스타트업이더라구요. 하지만 첫 직장이 나중의 직장에 영향이 있다는 말을 많이 들어서 고민중이에요. 현재 Flutter로 1년정도 개발을 해왔고, 정말 괜찮은 곳을 취직하기 위해선 native중에 하나는 해야하지 않을까 라는 고민을 하고있어요. 취직을 해서도 Flutter로만 계속 가는건 한계가 있을거같아서 이왕 공부해야할거 지금 미리하는게 낫지않을까 라는 생각도 있어요 ㅠ. Flutter만 가지고가기엔 한계가 있을까요?"
19,flutter,"[Flutter] theme: TemeData(primarySwatch: Colors.blue,), 관한 질문","초보 Flutter 입니다. theme: TemeData( PrimarySwatch: Colors.blue,), 이 코드가 전체적인 테마를 파란색으로 한다고 이해했는데 Appbar 부분 색상이 안보이고 제목만 보입니다. 따로 Appbar 배경색을 지정해도 되지만 왜 안되는지 궁금합니다."
20,flutter,[Flutter] 실무에서 flutter 상태관리는 어떤걸 사용하나요?,"찾아보니까 패키지가 엄청나게 많더라구요 provider, riverpod, getx, get_it..... 졸업작품 개발 중 인터넷 상태 앱 전역 검사를 구현하다가, getx를 접하게 되어서 상태관리가 중요하고, 코드를 효율적으로 짤 수 있구나를 깨닫고 공부해보려고 합니다 이 주제 아니어도 flutter와 그 외 실무에 관해서도 조언 받고싶습니다!"
21,flutter,"(웹 프론트 vs 앱) 커리어 선택에 있어서, 시장 크기를 어느 정도 고려해야할까요?","안녕하세요. 저는 Flutter로 현재 근무하고 있고(만 1년 정도), Flutter만으로는 앱개발에 한계가 있다고 생각해서 ios로 이직을 고려하며 swift를 공부하고 있습니다. 그런데 몇 가지 이유로 최근 웹 프론트개발을 고민하게 되었습니다. 1. 일반적으로 기업에서 웹 프론트는 대부분 뽑지만, 앱 포지션은 안뽑는 경우도 많다. 앱이 있다고 하더라도 적극적으로 웹뷰를 사용하거나 RN이 많다(Flutter도 늘어나는 추세) - 제가 관심있는 기업이거나, 혹은 재밌어보이는 회사들이 웹 프론트는 반드시 있고, 앱이 있다고 하더라도 ios보다는 RN이 더 많았습니다. 2. 사용하는 기술이 아니라 어떤 서비스를 만드는지, 어떤 개발 문화를 가지고 있는지가 가고 싶은 회사를 선택하는 기준이 되고 싶다. - 매력적인 서비스/기업을 알게 됬을 때 기술 스택의 제약으로 제 선택 범위를 좁히고 싶지 않아요. 3. 정말로 네이티브로 개발해야 하는 서비스가 얼마나 될까? - PWA 등 네이티브 성능이 필요한 경우가 아니라면 웹으로 충분이 대체 할 수 있는 기술들이 지속적으로 나오고 있고, 최근에 회사/사이드 플젝 에러를 수정하면서 앱 설치나 업데이트를 고려하면 오히려 웹 기반이 나을 수도 있다는 생각을 많이 했어요. 4. 웹 프론트/자바스크립트 생태계는 정말 넓다. - 생태계가 넓어서 그런지 재밌는 논의도 많은 것 같고, 재미있어 보이는 컨퍼런스/교육 프로그램에도 웹 프론트는 항상 있었어요. 비교적 아직 자료가 적은 Flutter를 하다보니 이런 점은 매우 큰 장점으로 생각되었습니다. 또, 이후 서버로도 확장가능하구요. 앱은 정말 재밌지만, 제가 지금 개발하는 기능들은 웹으로도 모두 가능하다는 점이 고민을 더 크게 만드는 것 같습니다. 다른 분들은 어떻게 생각하시는지, 커리어 선택하실 때 시장 크기도 얼마나 고려하셨는지 궁금합니다!"
22,flutter,안녕하세요 프론트엔드 관련하여 질문있습니다,"올해로 3학년인 컴퓨터공학전공 군필 대학생입니다. 슬슬 진로를 결정해야해서 찾아보다가 웹개발이라는 것에 관심을 두게 되었어요. 웹개발도 프론트/백 엔드 풀스택 이렇게 나뉘더라고요? 일단 한번 해보자!싶은 마음에 flutter로 클론코딩해서 앱 하나 만들어보고 spring boot로도 웹하나 클론코딩해서 aws로 배포까지 해봤어요. 해보니 프론트기술쪽에 더 재미를 느끼더라고요. 뭔가 꾸미고 상상한걸 시각화한다는 점에서 큰 매력을 느낀거같아요. 이런걸 좋아해서 제 동기 친구들은 대부분 게임이나 백엔드쪽으로 간다 하던대, 제가 프론트쪽에 관심있다 하니까 살짝 놀라는 눈치더라고요. (전공자가 프론트를?? 백엔드가 더 돈 잘버는데?) 이런 인식때문인가 싶어요. 지금 ai기술이 다 잡아먹느니 뭐니 해서 불안하긴한데 그래도 프론트쪽으로 밀고나가려고해요 한분야에서 탑을 찍는다는 마인드로! 제가 질문드리고 싶은건 무슨 공부를 하면 좋을까요? flutter가 뜬다해서 살짝 공부했던건데 지금 flutter파고 들어도 될까요? html, css, js는 겉핥기식으로만 아는데 css와 js를 마스터하는게 좋을까요? React node.js는 언제 공부하는게 좋을까요? 반응형, 인터렉티브 디자인.. 개념은 아는데 솔직히 어떻게 다루고 만들어야할지도 잘 모르겠네요ㅠ 선배님들의 의견과 조언을 구하고싶어요! 감사합니다"
23,flutter,"웹 프론트 취준생, Flutter로 커리어를 시작해도 될까요?","안녕하세요. 웹 프론트엔드 개발자가 되고싶은 취준생입니다. 현재 공부한 것들은 Javascript와 React 등 웹과 관련된 기술들 위주입니다. 현재까지 해본 팀 프로젝트나 개인 프로젝트도 모두 웹이고요. 최근 입사 제안을 받은 회사가 있는데 몇가지 망설여지는 부분이 있습니다. 1. 원하는 커리어는 React를 사용하는 웹 프론트 개발자인데, 입사를 하게 되면 Flutter로 앱 개발을 먼저 시작해야한다는 점 2. 웹과 관련된 업무를 하게 될 수도 있지만 아직까지는 알 수 없다는 점 Flutter는 정말 이름만 들어본 수준인 문외한이라 금방 배울 수 있을지도 잘 모르겠고 추후 이직에 도움이 될지도 잘 모르겠습니다. 극단적인 가정이지만 입사 시 웹 프로젝트 경험은 없이 앱 프로젝트만 하게 될까 조금 걱정됩니다. 물론 요즘 시장이 너무 어렵다보니 취직을 하는게 쉽지 않다는건 알지만 원하는 커리어와 다르다 보니 고민이 많이 됩니다. 일단 입사를 하고 이직을 준비하는것이 나을까요? 아니면 조금 더 준비해서 원하는 포지션으로 입사지원을 해보는것이 나을까요? 많은 조언 부탁드립니다."
24,flutter,flutter 위젯 빌드 2번 호출되는 현상,"안녕하십니까 flutter로 졸업 작품 앱 개발 중인 대학생입니다! 개발 도중 widget build가 2번씩 되는 현상이 발생합니다. build 내부에서 위젯이 return 되기 이전에 특정 함수가 호출되도록 했는데, 그 함수가 2번씩 호출됩니다. 로직에는 아무런 문제가 없구요, 혹시 몰라 디버깅 로그도 찍어봤는데 역시나 2번씩 찍힙니다. 함수가 페이지를 호출하는거라 사실상 같은 페이지 2개가 호출되는 문제라 타격이 큽니다.. 비슷한 문제를 해결한 경험이 있으신 분들의 조언을 듣고 싶습니다!"
25,flutter,개발자 취준 중 방향 잡기가 너무 어렵네요! ㅠ,"졸업하며 슬슬 취업해야지 라는 생각으로, 채용 사이트 들을 둘러보며 회사들이 어떠한 기술을 필요로 하나 열심히 찾아봤습니다. 생각보다 다양한 기술을 요구하길래 눈앞이 깜깜해지네요 .. ㅠ 리액트를 이용한 웹 (DB+server는 firebase 이용), 사이드 프로젝트를 통한 여러가지 언어와 프레임워크(tizen 워치앱 제작) 이외로 flutter, 안드,스위프트 이용해서 앱개발(취미 + 용돈벌이)를 해왔는데 막상 취업하려니 제가 내세울 것이 없군요 ... ㅠ 포트폴리오 등을 이쁘게 잘 만들었어야 했는데 만들어오지 않았던 것이 후회도 됩니다. 이번에야말로 확실한 방향을 잡고 가상서비스(배포까지가 목표)하는 프로젝트를 만드려고 하는데, 조언을 구하고자 글을 올립니다! 1.react가 익숙하지만, 자바스크립트를 이용(html+css)하는게 좋을까요? 2.서버+DB는 요즘 사용하기 간편한 firebase에 익숙하지만, 스프링부트+AWS 같은 한번도 이용해보지 않은 프레임워크를 사용 해보는게 좋을까요?(백엔드 개발자가 목표입니다.) 3.별개로 조금 고민 중인 것이지만, 시장이 돌아가는 것을 체험해보고 싶은데 부트캠프를 수강하면 도움이 많이 될까요?"
26,flutter,"3년차 개발자, 앞으로의 미래가 고민입니다.","우선 간략히 제 소개를 드리자면 졸업 전 8개월 정도 중소기업에서 C#개발자로 시작하였고, 2년 전 우연한 기회에 Flutter 개발자가 되었습니다. 그 이후로 계속 스타트업~중소기업을 다니며 아직도 Flutter 개발자로 일하고 있습니다. 현시점에 고민인 점은 크게 두가지 입니다. 첫째로는 Flutter만으로 앞으로도 이직할 수 있을까 하는 것이고, 두번째는 연차만 쌓인 사람이 아닌 실력이 쌓인 사람이 되고싶다는 점입니다. Flutter 개발을 하다보니, 아무래도 네이티브를 할 줄 아는 편이 좋겠다는 생각이 듭니다. 만약 퇴근 후 작은 사이드프로젝트를 한다면 네이티브쪽을 공부하는 것이 좋을지, Flutter를 더 깊게 공부하는 것이 좋을지 고민이 됩니다. 또 근본적으로 이젠 더이상 마냥 신입이 아니라는 생각에 개발실력을 키우고 싶다는 생각이 듭니다. 그동안 다녔던 (그리고 현재 다니고 있는) 회사의 특성상 함께 일하는 개발자가 많지 않아 거의 혼자 일을 해왔습니다. 그래서인지 이게 잘 하고 있는 것인지에 대한 의문도 들고, 다른 개발자들은 어떻게 실력을 키우나 하는 궁금증이 들었습니다. 저와 같은 고민을 하고 계시거나, 이미 이 시간을 지나보낸 분들의 의견이 궁금합니다."
27,flutter,flutter web 빌드 할때 index.html,flutter 로 웹 빌드 할 때 생기는 index.html 내부에 <base href=''> 태그는 무얼 의미하나요? 추가로 github page로 배포 했을 때 해당 base 태그를 붙이면 비어있는 화면만 뜨더라구요 주석 처리 할 시 시간이 지나고는 원하는 페이지가 제대로 나왔습니다. github page 로 배포시 어떻게 사용하는지도 궁금합니다
28,flutter,Flutter 코린이 질문,안녕하세요 지금 플러터로 개발에 발을 담근 코린이 인데요 다른이아니라 Stateless나 Stateful위젯 클래스를 빌드를 하면 Widget build(BuildContext context){ return … } 이 빌드 위젯이 쓰일때가 있는데요 여기서 build가 들어가는 위젯에는 왜 ()괄호 안에 String xxx 같은 변수 타입을 지정하면 빨간줄이 뜨는지 설명 해 주실 고수님들 계실까요? 그리고 해결이 된다면 저 build위젯 안에 String xxx 로 ${xxx} 를 이용하여 재사용 할 수 있는 방법도 알려주실 수 있으신지 여쭤봅니다..!
29,flutter,flutter에서 웹뷰 띄우기 (세션 유지),"안녕하세요 현재 flutter로 앱 개발을 하고 있고, 일부 기능들을 웹뷰를 띄워서 개발하려고 하는데 사용자 인증, 세션 유지에 관해 질문이 있습니다. 우선 flutter에서 웹으로 access token을 보내서 웹에서도 api call을 할 수 있도록 개발해놓았는데, 세션 유지는 어떻게 하면 좋을 지 고민입니다. (next auth를 사용해서 ..?)"
30,flutter,Flutter 앱 내 Payment Gateway 사용 문의,안녕하세요 Flutter 와 Firebase를 사용하여 조그만 프로젝트를 진행 중인 대학생 개발자입니다. 개발 도중 궁금한 사항이 있어서 이렇게 질문을 드립니다. App 내에서 사용자간 거래가 필요한데 이런 기능을 추가하기 위해서는 현업에서는 어떤 로직와 기능을 사용하시는지 궁금합니다. 1. 판매자가 상품 등록. 2.구매자가 상품 구매. ( PG 사 이용 ) 3. 구매자의 대금이 판매자에게 송금. 4. 개발사는 판매금액의 일정 부분 수수료 취득. 아는게 많이 없다보니 기초 설명이 두루뭉실 해서 이해 하시기에 어려움이 있으시겠지만 조언을 해 주시면 감사하겠습니다!
31,flutter,Flutter 상태관리 라이브러리 뭐 사용하시나요?,"GetX와 Provider, Riverpod , BLoC중 어느 라이브러리를 선호하시나요?? 최근 Flutter 공부를 시작했는데 모두를 한 번에 파악하긴 어려울거 같고 간단한 프로젝트 진행하면서 익혀보려 하는데 어느게 더 선호되는지 궁금합니다.."
32,flutter,앱 개발자 창업 프로젝트에 관한 고민입니다.,"안녕하세요. 저는 내년에 4학년이 되는 컴공과 학생입니다. 평소 생각해둔 아이디어를 구체화하여 개발하는 것에 큰 재미를 느껴 iOS 앱 개발 공부 및 프로젝트를 한 지 1년 정도가 되어가고 있습니다 :) 공부를 시작함과 동시에 학과 동기와 프로젝트를 시작하여 다이어리 어플을 app store에 출시해본 경험이 있고, 지금은 동아리에서 팀장으로 6명의 UI/UX 디자이너와 1명(저)의 개발자로 이뤄진 구조로 약 1년동안 iOS 앱 개발 프로젝트를 진행 중 입니다 ! 몇번의 프로젝트를 경험해보니 이제는 조금 더 체계적인 기획과 개발을 해보고 싶다는 생각이 들었습니다. 그래서 기획에 관한 책도 여럿 읽었고, 창업 프로젝트에 도전하기 위해 Flutter 도 병행하여 공부하고 있습니다 !! 서론이 길었는데, 제 고민을 적어보겠습니다. 1. 대학교 졸업 작품 겸 첫 창업 도전 프로세스를 구상하다보니, 인원을 구성함에 있어 “기획, 디자인, 개발” 인원을 어떻게 구성해야할지 잘 모르겠습니다. ( 개발은 플러터를 이용한 앱 개발이 될 것 같고, 주제는 2030 미팅 어플로 생각 중 입니다! 앱 구조는 mvp로 기획 중입니다. ) 2. 아무래도 인원이 8명 내외의 소규모 프로젝트가 될 것 같은데 개발을 겸하는 팀장이 어느 정도까지 관여를 하는게 좋은 경험이 될지 궁금합니다 ! ”개발 + 기획“을 진행 중인데 role을 정의하기가 어렵습니다 ㅠ 3. ”Flutter + Firebase"" 구조를 생각 중에 있는데, 백엔드 인원이 필요할까요? 만약 필요하다면 어떤 역할을 부탁하는게 좋을까요? 협업 경험이 적어 질문 남깁니다 ! 혹시나 위의 질문 중 첨언해주실 선/후배님이 계시다면 감사히 듣겠습니다 🤓 항상 좋은 글과 답변 남겨주시는 선배님들께 늘 감사드립니다 :)"
33,flutter,react native의 전망에 대해서..,"현재 react native를 사용해서 모바일 앱을 개발하고 있습니다. 처음에는 react native라는 프레임워크를 사용했을 때 안드로이드와 ios 앱을 한번에 개발할 수 있다는 점으로 인해 매력적으로 느껴졌습니다. 그런데 어느 순간 react 버전이 업데이트될 때마다 안드로이드, ios와 호환성 문제가 자주 발생하는 것을 자주 경험했고, 무엇보다도 오픈소스 패키지를 사용할 때마다 언젠간 패키지의 호환성 문제가 발생할 수 있고 그 패키지를 개발한 개발자의 적극적인 업데이트를 기대할 수 없다는 것을 깨달았습니다. 그래서 앞으로도 react native가 크로스 프레임워크로서의 매력도가 높은지 이제는 솔직히 잘 모르겠습니다. 혹시 모바일 개발자 중 5년이상 경력을 갖고 계신 분이시라면, 혹시 앞으로의 react native의 전망에 대해서 어떻게 생각하시나요? 그리고 특히 flutter 개발자시면, flutter에서는 이러한 문제에 대한 걱정이 많이 해소가 되는지 의견을 좀 부탁드립니다."
34,flutter,flutter 플러터 알림 기능,"flutter_local_notifications를 사용해서 알림 기능을 구현하고 있는데, 함수는 작동하는데 알림이 안뜹니다. 권한도 설정했고 로컬 설정도 서울로 확인했는데, 시간 변환이 문제인 건지 온갖 걸 다해봐도 알림이 뜨지 않습니다. 며칠을 붙잡고 있는데 검토 한 번만 부탁드리겠습니다.."
35,flutter,"안녕하세요 클라우드 엔지니어, Solution Architect로의 커리어를 꿈꾸고 있는 대학생입니다","안녕하세요 클라우드 엔지니어, Solution Architect로의 커리어를 꿈꾸고 있는 대학생입니다. 어릴적부터 컴퓨터에 관심을 가져 지금까지 넓고 얕게 여러 기술들을 배워왔습니다. 대학생이 되고 난 이후 기초 CS지식 이외에 대학교에서 실무에서 쓰이는 기술들을 기대하였지만 학과 수석까지의 과정에서 암기 위주, 시험을 위한 공부에 지쳐있는 상태입니다. 다행이도 여러 개인 프로젝트와 예창페를 위한 스타트업 프로젝트들을 많이 진행해왔고 현재도 진행하고 있습니다. 주요 기술 스택은 node.js, mongoDB로 백엔드를 담당하고 Flutter, React 등 풀스택 개발을 진행하던 찰나 군 전역 이후 이전부터 관심있었던 인프라, 클라우드 분야의 KDT(부트캠프)로 공부할 수 있는 기회가 생겨 도커, 쿠버네티스, Jenkins, AWS 등 DevOps, CI/CD 전반에 관하여 공부를 이어나가고 있습니다. 프론트엔드, 백엔드 분야보다는 클라우드 엔지니어로 살아가고 싶기에 여러 고민을 하다 저보다 더 많은 경험을 가지고 계시는 개발자분들께 조심스럽게 여쭈어보고자 이 글을 올리게 되었습니다. 1. 엔지니어로의 삶에서 학력이 얼마나 중요할까요? 현재 서울 중상위권 대학에 재학중입니다. 군 입대 이전에는 대학원이 필수라고 생각했지만 점점 더 많은 경험을 할수록 학교에서의 지식은 기초를 쌓아나가는 것일 뿐 실무와는 조금 거리가 있다고 생각했습니다. 저 또한 R&D 직군보다는 실무 직군이 적성, 흥미 모두 일치한다고 생각하고 있습니다. 따라서 길게 보았을 때 대학원이 엔지니어의 삶에서 얼마나 큰 영향을 미칠까요? (진급, 기초지식의 측면) 2. 해외 대학원이 얼마나 큰 메리트를 가질 수 있을까요? 1번과 같은 맥락으로 군 입대 이전 대학원이 필수라고 생각했을때 해외 대학원 또한 피할 수 없는 선택지라고 생각했습니다. 해외 대학원이라는 태그가 채용 시장, 그리고 앞으로의 커리어에서 얼마나 큰 영향을 미칠 수 있을지에 대해 궁금합니다. 3. 만약 1,2번 선택지 이외에 빠르게 현업으로 나갈 수 있다면 해당 선택지가 더 유리할까요? 많은 멘토분들, 그리고 일반적인 얘기로는 석사의 경력은 해당 기회비용만큼의 가치를 얻기 어렵다고 들어왔습니다. 실제 현업에서도 실무 경력이 더 많은 신입이 경쟁력을 가질 수 있을지에 대해, 그리고 실무 기술이 커리어를 롱런할 수 있게 만드는 키인지 궁금합니다. 4. 신입 클라우드 개발자, 엔지니어로서 가질 수 있는 역량에는 무엇이 있을까요? 클라우드 네이티브 개발자는 하나의 기술 스택에 대해 깊게 알고있는 사람보다 넓은 지식을 가진 사람을 선호한다고 알고 있습니다. 따라서 어떤 역량을 쌓는 것이 (어떠한 기술 스택을 쌓는 것이) 유리할 수 있을까요? 5. JAVA..필수일까요? node.js에 대해 여기 커뮤니티의 취업준비생 분들보다는 깊게 알고있지 않지만 그래도 일반 대학생들보다는 더 익숙하다고 생각합니다. 주요 기술 스택에 node.js 백엔드이기 때문에 현재 상태에서 앞으로의 백엔드 파트 개발을 할 때 더 깊게 들어가야 할지, JAVA로 모두 바꿔서 진행해야 할지 궁금합니다. 6. 이러한 프로젝트를 진행하려고 하는데 괜찮을까요? 현재 개발중인 두개의 스타트업 프로젝트에 참여중입니다. 두 프로젝트 모두 MSA를 지향하고 있으며 백엔드는 node로 작성되었습니다. 이번 KDT과정이 끝나면 두 개의 프로젝트에서 전체적으로 개발과정에 있던 난잡한 코드를 리팩토링하고 Test 로직을 추가하여 다듬은 이후 두 프로젝트 모두 내년 상반기 출시를 목표로 하고 있기 때문에 퍼블리싱을 위해 제가 풀스택에 대한 인프라를 도커라이즈하고, 쿠버네티스에 띄워보고 Jenkins로 자동화하는 등 전체적으로 클라우드 네이티브 SW의 구조에 맞게 출시할 계획입니다. 출시 이후에는 유지보수를 진행하며 모든 과정을 오픈소스와 velog에 남겨둘 계획입니다. 이런 프로젝트가 클라우드 개발자 취업준비생에게 있어서 좋은 프로젝트라고 볼 수 있을까요? 7. 신입 클라우드 개발자의 취업이 현실적으로 가능할까요? 넓고 다양한 역량이 필요한 클라우드 엔지니어의 직업적 특성상 다른 분야보다도 더 신입보다는 경력직 개발자를 선호할 것 같습니다. 지금이라도 진로를 다시 고민해봐야할지, 혹은 가능성이 있을지, 어떠한 다른 것들을 준비해야 하는지 추상적이지만 여쭤보고 싶습니다. 긴 글 읽어주셔서 정말 감사합니다! 오늘도 좋은 하루 되시기 바랍니다."
36,flutter,웹 프로젝트 [Flutter vs React],기존부터 Flutter로 개발을 하고 있는 사람입니다. 최근 새 웹 프로젝트를 시작하게 되었는데 Flutter와 React 사이에서 팀에서 고민중입니다. 여러분의 의견을 감사히 받겠습니다.
37,flutter,모바일 앱 개발 공부 시작 방법,"안녕하세요 1학년이 끝나자마자 문과계열에서 전과를 해서 현재 소프트웨어 관련 과에 재학중인 3학년입니다. 작년에 파이썬, C언어, UIUX 관련 기초과목을 수강하고 이번 학기에 SQL, Java, C++을 수강중인데 예전부터 앱 개발 쪽으로 진로를 정하고 싶어서 질문 글 올려봅니다! 1. 앱 개발 언어는 안드로이드의 경우 java, kotlin / IOS의 경우 Swift / 둘 다 개발이 가능한 건 Flutter와 react native 로 알고 있습니다. 그러나 현재 제가 사용하고 있는 노트북이 윈도우인데 핸드폰이 아이폰이어서 개발 언어를 고르는 것부터가 너무 막막한 것 같습니다 ㅜㅜ... 플러터가 아직까지는 여러 기업에서 많이 사용하는 추세는 아닌 것 같다는 점과 ios보다는 알려진 자료가 많을 것 같다는 점을 바탕으로 안드로이드용 자바나 코틀린을 학습하고 싶은데 아이폰을 갖고도 공부를 할 수 있는 방법이 있을까요? 2. 공부를 시작한다면 이번 학기가 끝나는 6월 말부터 시작해서 본격적인 2학기 시작 전인 9월 초까지 약 2달 - 2달 반 정도 기초 개념을 잡고 정말 간단한 프로젝트라도 하나 만들어 보고 싶은 생각입니다. 혼자서 해야 된다면 할 수는 있겠지만 의지가 살짝 부족해서 학원을 다녀보고 싶은데 독학과 학원 중 어떤 것을 추천하시는지, 각각 추천하는 강의나 책 / 학원 정보가 있으시면 알려주시면 감사하겠습니다 ㅠㅠ... (학원 추천의 경우 경기도에 거주 중이어서 경기도나 서울이면 좋을 것 같아요🥹) 3. 제가 올린 질문 2개에 대한 답변 말고도 알려주실 만한 팁이나 공부 방법 등이 있다면 같이 적어주시면 너무너무 감사드리겠습니다...!!!"
38,flutter,"플러터로 처음 앱개발을 시작했는데 다음 이직을 한다면 flutter로 해야할지, native로 해야하는지 고민이에요","서버하다가 이직하면서 플러터 제의를 받아서 앱개발 시작하게 되었습니다. 플러터로 근무한지 이제 반년 좀 넘었어요!! 잘 맞는 것 같아서 앱개발을 계속하려고 해요. 그런데 다음 이직을 한다면 플러터 경력으로 가야할지, 네이티브 신입으로 가야할지 고민입니다. 앞으로 플러터 수요는 더 늘어날 거라고 생각하지만, 시장에서 개발자로 경쟁력을 볼 때 네이티브 베이스 + flutter와 flutter만 할 줄 아는건 확실히 다르다고 생각해요. 플러터로 커리어를 이어간다고 하더라고 네이티브 공부는 필요하다고 생각합니다. 하지만 새로운 기술을 업무에 사용하려면 개인 공부보다는 근무해보는게 좋다고 생각해서 고민이 되는 것 같아요. native로 이직한다면 신입 포지션이겠지만 그만큼 저도 얻는게 있다고 생각하구요. 커리어를 어느 방향으로 가는게 좋을까요?? 앱 좀 더 하신 분들은 어떻게 생각하시는지, 특히 native base로 하시는 분들 의견이 궁금합니다!"
39,flutter,개발 SI 회사 파산시 제가 요청해야 할 것이 무엇이 있을까요? ㅜㅜ,"안녕하세요, 다름이아니라 제가 개발을 외주로 맡기고 있었는데 외주 회사가 곧 파산을 한다고 합니다. 회사 말로는 “현상태로 개발을 종료하고 인수인계 자료를 만들어서 추후 타 개발사와 코웍하실 수 있게끔 해드리게 하겠다”라고 하는데 이 때 제가 무엇을 요청해야 하는 것이 있을까요? 참 답답하네요.. PHP, Android, Flutter, AWS(EC2,RDS), Mysql, Firebase, Codeigniter 전체 소스코드 및 문서: - 현재까지의 모든 소스코드 - 프로젝트 관리 문서, 기술 문서, 설계 문서 등의 모든 문서 - 사용된 데이터베이스의 전체 백업과 함께, 데이터베이스 스키마 또는 구조에 대한 문서"
40,flutter,Flutter 환경 분리 질문드립니다,Flutter 작업중에 요구에 배포환경 이랑 로컬환경을 분리를 원하십니다. 이유가 로컬에서는 사용하는 코드가 배포에는 사용을 하지않을수도 있어서 분리를 해놓는게 좋다 라고 전달받앗는데 방법이있을까요? 서버같은 경우에는 Kdenugmode 로 구분지어놧는데 이 방법이 구분 방법은 아닌거같아 질문드립니다
41,flutter,윈도우에서 사진이나 영상 편집 프로그램을 만들어 보고 싶은데 어디서 배울 수 있나요?,몇 년 전에 게임 개발 학원에 다니다가 그만두고 작년부터 애플리케이션 개발 쪽으로 방향을 돌려 PyQt 프레임워크나 Flutter로 개발하다가 PyQt 프레임워크는 배울만한 자료가 없어 포기하고 Flutter는 굳이 안드로이드나 iOS까지 지원하는 프레임워크로 편집 프로그램을 만들 필요는 못 느껴서 현재는 Windows App SDK와 WinUI 3 프레임워크로 개발하고 있습니다. 하지만 게임 개발은 그나마 학원에서 직접 강사한테 배워서 어떤 식으로 파일을 구성하고 개발하는지에 대해 그나마 틀은 잡혀있는데 애플리케이션 개발은 처음부터 끝까지 독학으로 공부해서 그런지 어떻게 프로젝트를 구성할지 막막하더라고요. 누구한테 물어보려고 해도 제 주위에 프로그래밍이 취미이거나 직업인 사람이 한 명도 없어서 물어 볼 수도 없고 그나마 유튜브에서 SOLID 원칙과 MVVM 패턴을 배워서 만들어 보고는 있습니다. 결론은 윈도우 애플리케이션 개발을 배울만한 곳이나 아니면 최소한 소통할 수 있는 커뮤니티가 있으면 답변 부탁드리겠습니다.
42,flutter,"웹 개발자 RN , 플러터 질문드립니다","서버 개발자입니다. 취미 삼아 사이드프로젝트를 진행하면 항상 앱 프론트 쪽에서 문제가 발생해서( 기간, 퀄리티, 배포, 도망, 유기 등등) 앱 개발자들 다 내보내고 2명에서 플러터나 RN 고민 중에 있습니다. 저는 리액트 넥스트를 어느 정도 다룰 줄 알기 때문에 RN EXPO 생각 중입니다. 네이티브 앱 개발하시는 분들 중에 최근 RN EXPO를 사용하신분들 의견을 들어보면 react native cli 만큼 요즘 기능도 좋다. DX가 플러터 수준이다 배포가 너무 좋다라는 의견이라 저는 무조건 RN 생각 중이지만,, 다른 한명의 리액트 학습곡선 + 초보자가 개발하기 편한 여론이 flutter가 많아서 고민 중입니다. 취업 , 커리어 이런 고민은 하지 않고 그냥 개발, 관리 유지보수 적인 측면에서 어떤 것이 더 괜찮은 선택인지 하다보면 분명이 고도화, 서드파티, 디자인 등등에서 막힐텐데 주변에 이렇게 상세하게 상황 설명을 할 수도 없고 너무 단편적이고 편향적인 의견이 많고 어떤 플랫폼이 더 괜찮은지 아직 제대로 해보지 않아서 경험있는 분들에게 질문드립니다."
43,flutter,IT업계 진로 직무 고민,"안녕하세요. 현재 전자공학과 4학년에 재학 중인 학생입니다. 저는 아직 직무를 정하지 못하였습니다. IT나 반도체 분야 중에 갈 것 같기는 합니다. 제 고민은 지금 당장 뭘 해야할지 모르겠다는 겁니다. 일단 간단한 제 소개부터 하겠습니다. -만 25살 군필 -flutter 어플리케이션 앱스토어, 플레이 스토어 배포 경험 (다운로드수 1만명) -어학 토익 700점 , 오픽 IH(토익 점수로 환산 시 890-950점 ) -IT회사 산학인턴쉽 (현장실습) 1개월 -flutter 간단한 한 페이지 짜리 앱은 만들어봄 -c언어 기초 문법만 아는 수준. 전공 과목으로 수강 -python 기초 문법만 아는 수준 당장 1달 남은 여름방학에 어떤 것들을 우선적으로 하면 좋을까요? flutter를 다시 해볼까요 아니면 파이썬이나 자바나 C 를 해볼까요? 어떤 걸 우선적으로 해야 되나요? 그리고 직무는 어떻게 정해야 될까요..? IT기업에 가고 싶다는 막연한 생각은 있는데 코딩은 못하고 코딩이 맞는지도 모르겠어요"
44,flutter,Flutter 개발자의 스타트업에서 대기업 이직,"안녕하세요..! 현재 1년정도 Flutter 개발자로 일하고 있는 사람입니다. Flutter에서 신입으로 취업하기 어려운 상황에서 운 좋게도 경력으로 인정받아 스타트업에서 일하게 되었습니다. 플러터 기술 자체가 좋아서 시작했지만, 사실 지금은 큰 기업에서 정돈된 근무체계와 시니어가 많은 환경에서 일하고자 하는 마음이 큽니다. 꾸준히 개인 프로젝트나 기술스택을 늘려가기 위해 노력하고 있으나, 애초에 대기업에서 플러터 채용이 거의 없다시피 하기도 하고 그나마도 네이티브 경력이 풍부한 개발자를 선호하는 상황이라 제가 2-3년차가 쌓이더라도 대기업으로 이직이 가능할지 걱정이 됩니다. 계속 플러터로 커리어를 가져가도 될지, 아니면 현업에 임하면서 네이티브 개발자 신입으로 새롭게 취업할 준비를 해나가야 할지 고민이 됩니다. 관련해서 조언 부탁드려요..!"
45,flutter,flutter 입문 버전 추천,flutter 입문하려고 합니다. 교육자료는 2.8.0버전을 사용하는데 최신버전을 사용하는게 좋을지 궁금합니다
46,flutter,대기업에서는 Native를 선호하나요? 아니면 크로스플랫폼인가요?,"업데이트를 안해도 앱이 변경되는걸 보면 아무래도 웹을 기반으로 하는 기업들이 많은것 같은데(카카오, 토스, 인스타그램 등) 나중에 취업을 위해서 kotlin이나 Swift를 배우는게 좋을까요? 아니면 React Native나 Flutter가 좋을까요? 깊게 공부하지를 않아서 어느 분야가 더 좋은진 모르겠지만 혹시라도 크로스플랫폼이 네이티브를 완전히 대체할 날이 올까요?"
47,flutter,app framework.. 어떤걸 할까요 ??,1. react 2. flutter 3. ionic 요 3가지중에 고른다면..? 4-5년차 앱 개발자 기준 선호도가 궁금하네요
48,flutter,FE 1년차 이직 준비는 어떤 방향으로 해야 할까요?,"안녕하세요 :) 일단 제 상황과 상태에 대해 설명드리자면 - 1년을 못 채우고 만 11개월에 퇴사 예정 - 실업급여 처리 > 4개월 받을 수 있음 - 비전공자(방통대 재학 중 내년 상반기에 졸업예정) - 입사 후, 서비스앱 유지보수 + 신규기능 추가 / 신규 웹 프로젝트 진행 - 근무기간 동안 사용 기술 스택 : Flutter, react, nextjs, typescript, graphQL, dynamoDB 회사 상황으로 인해서 갑자기 이직을 해야하는 상황을 앞둬서 막막한 상황입니다. FE개발자 커리어를 이어나가고 싶은데, 어떤 것을 중점으로 공부하고 준비하는게 좋을까요?"
49,flutter,Flutter firebase firestore 사용시,플러터로 앱개발 활동중에 firebase를 이용하여 게시판 페이지를 만들고 있습니다 궁금한점이 있는데 각 컬렉션마다 맵핑을 해서 data를 추출을 하는것을 이해를 하고 있습니다 그런데 각각 다른 컬렉션에 있는 데이터도 같은 위젯 안으로 추출이 가능한가요? 예를 들면 게시물에 필요한 title content 같이 간단한 모델과 로그인 후 게시자를 확인하는 id와 nickname 모델을 함께 사용할 수 있는지 궁금합니다
50,flutter,풀스택?4년차 전향을 해야할지 아니면 백엔드로 그대로 가야할지 고민입니다,"안녕하세요 저는 이제 3년2개월이 된 풀스택 개발자입니다. spring도 하고, vue.js도 해서 풀스택이라고 적었습니다ㅜ 첫 개발회사에서 2년정도 근무하고 새로운 기술을 접하고 싶어서, 이직을 했다가 갑자기 저한테 웹하드를 개발하라고 하기도했고, 성인사이트 기획도 하면서 회사의 전반적인 사업 방향이 저와 너무나도 다르다고 생각하여 이직을 했습니다. 그리고 나서 지금 현 회사에 와서는 vue.js나 JPA 배워서 프로젝트 진행했었습니다. 그러고 일이 없어요... 간단한 기능 수정같은건 있는데 그 외에 없어요... 그래서 이직을 하려고했더니 아시잖아요 요즘 취업이 너무 추운거... 그래서 이직도 안되고 일도 없고 회사에서 공부만 하자니 백엔드 자체가 너무 싫어졌습니다. 그런 와중에 아는 지인이 프로젝트 진행하는데 좀 도와달라고해서 flutter를 접했습니다. 배우고 나니까 너무 재밌기도하고 이 프로젝트 끝난 다음에 앱개발로 전향한다면 도움이 되지않을까 싶더라구요 제가 애플을 좋아하기도해서 노트북,시계,핸드폰 다 애플이거든요. 그래서 iOS를 해야겠다! 싶었습니다. 근데 이쪽분야도 신입은 영 쉽지않더라구요... 결론은 기다리면서 java공부 더 해서 백엔드 갈지 아니면 iOS 부트캠프나 국비로 공부를 한 다음에 신입으로 전향을 할지 고민입니다. 참고로 제가 만29살인 여자이기도 해서 미래에 아기도 낳고 하면 백엔드보단 앱개발이 나을거같기도하고, 지금 회사에서 너무 스트레스를 많이 받아서 좀 쉬고싶기도 하구요(공부는 열심히 하겠지만요) 제 고민 어떻게 생각하시나요?"
51,flutter,백엔드 개발을 원하는데 제조업 회사라도 들어가야 할까 고민입니다...,"안녕하세요. 지방사립대 컴퓨터공학과를 2월에 졸업한 24살 취준생입니다. 대학교 2~3학년 때, nodejs androidStudio flutter 찍먹하다가, 대학교 4학년이 되어서야 백엔드 개발을 목표로 두고 스프링 공부를 시작하였습니다. 덕분에 제대로된 직무관련 프로젝트는 SpringBoot를 사용한 졸업 프로젝트 하나 뿐이네요... 정처기, sqld, opic은 따둔 상태이고, 지금은 공모전 하나 준비중입니다. 작년 하반기에 대기업 위주로 지원서 4곳을 냈는데, 1곳은 1차면접에서 탈락 나머지는 서류 탈락이었습니다. 지금도 대기업을 위주로 노리고 있기는 하지만, 커리어를 쌓을 수 있는 곳이면 어디든 가자!라는 마음으로 지원서를 넣고 있습니다. 그러가가 지방에 있는 제조업 회사 IT부서에 갈 기회가 생겼습니다. 초봉 5000 정도인 꽤 규모있는 기업입니다. (대신 연봉인상률이 좋지 못하다고 합니다.) 이 회사는 개발자가 커리어 쌓기에는 좋지 못한 회사인 것 같습니다. 자동차 부품 제조가 메인 사업이고, 오래 근무하신 IT 부서 현직자 분에게도 ‘개발을 원한다면 우리 회사랑은 안 맞을 것 같다’는 이야기를 들었습니다. 요즘 채용 시장이 많이 안 좋다고 들었습니다. 제조업 IT 부서에라도 들어가서, 개인 공부를 하다가 이직을 하는 것이 좋을까요?? 아니면 커리어 쌓을 수 있는 회사나 부트캠프에 도전해보는 것이 좋을까요...??? 제조업 IT 부서에서 일을 하더라도 경력 인정을 받을 수 있을까 걱정입니다..."
52,flutter,웹뷰로 하이브리드 앱 개발하기,"안녕하세요. 현재 Flutter로 앱을 개발완료한 상태입니다. 이벤트를 할 때마다 ui를 조금씩 바꾸고 앱을 수시로 업데이트해야 하는 상황이라서 웹뷰를 담은 하이브리드 앱으로 전환하려고 합니다. (토스도 비슷한 방식으로 알고 있습니다.) Next.js 또는 React 웹뷰를 Flutter 또는 네이티브 앱에 연결하고 싶은데 둘 사이에서 소통할 때 로그인 정보나 위치 정보 등을 어떻게 주고 받는지, 보안은 어떻게 처리해야 하는지 등 정보를 찾아봐도 잘 나오지 않아 여기 질문 드립니다. 참고할만한 좋은 글이나 영상이 있을까요? 감사합니다."
53,flutter,백엔드 선택에 대한 고민-ing,"안녕하세요. 저는 현재 Flutter 개발자로 현업에서 열심히 배우고 있습니다. 현업에서 일하다보니 백엔드 분야에 관심이 생기게 되었고 시간상 하나의 언어와 하나의 프레임워크를 선정해서 공부해야겠다는 목표를 정했습니다. 고민중인 대상은 다음과 같습니다. (JAVA + Spring) 와 (ts + nest.js) 언어적인 면에서는 dart가 java랑 유사하여 공부하는데 어려움은 없을 것 같습니다. 하지만 제가 원하는 회사는 Si, 대기업 보다는 스타트업이기 때문에 상대적으로 스타트업에서 많이 사용하는 node기반의 nest.js를 해야하는 것인가? 라는 고민이있습니다. Flutter를 첫 커리어로 시작한 만큼 저는 개인적으로 최대한 대세를 따라가려고 하는 편입니다. 하지만 백엔드 단에서는 제가 안목이 없어서 조언을 구하고자 이렇게 글을 남깁니다. 현업에 계신 선배님들의 조언 부탁드립니다. 감사합니다."
54,flutter,제가 원하는 직무와 다른 쪽 공부한게 취업에 도움이 될까요?,"안녕하세요. 현재 3학년 2학기을 마치고 휴학한 컴휴터공학과 학생입니다. 저는 원래 백엔드 엔지니어를 꿈꾸며 여러 사이드 프로젝트(기술 스택: node.js,spring,django)를 해보았고 앱개발(flutter)로 4개월 인턴도 했었습니다 현재 졸업까지 1년 반정도 남았는데요, 그 긴 시간동안 또 대학생들과 비슷한 프로젝트를 하는 것 보다는 ai,data, cloud 처럼 다른 분야를 공부하고 싶다는 생각을 했습니다. 현재는 딥러닝과 데이터를 공부해보고 있는데, 제가 백엔드 엔지니어로 취업을 할때 이런 스펙이(교육 과정 이수 및 간단한 프로젝트) 의미 있을까요?"
55,flutter,flutter 변수 공유하는 방법 질문드려요,"A 페이지에 변수x를 선언하고, A페이지에서 x를 B페이지에 인자로 넘겨서 호출하는데, B페이지에서 setState를 해도 A페이지에 선언된 변수는 변경이 안되더라구요. Getx, bloc 같은 라이브러리를 사용하면 어떻게 하는지는 아는데, 순수하게 flutter 기본으로만 해당 로직을 구현하려면 어떻게 해야하나요 ??"
56,flutter,백앤드 전환 기술스택 선택 고민,"현재 Flutter로 현업에서 일하고 있습니다. 백앤드에 흥미가 생겨서 좀 더 공부 후 백앤드 개발자로 전향하려는 목표를 가지고 있습니다. 매우 나중에 들어가고 싶은 회사는 당근, 토스, 배민입니다. (한참 뒤에야 이력서 쓸 정도가 될 수 있을거 같습니다) 고민하고 있는 부분은 앞으로 공부 순서에 대한 내용이고 다음과 같습니다. 1. Nest.js 공부 -> Node로 빠르게 취업 -> 나중에 코프링을 공부하여 목표 회사 준비 2. java spring공부 -> 해당 스택으로 취업 이렇게 보면 당연히 2번아닌가? 라고 느끼시겠지만 직장인으로 일하면서 공부하는 점을 생각해주시면 감사하겠습니다. 시간이 절대적으로 부족하기 때문에 러닝커브를 무시하기 힘들다고 판단했습니다. 그래서 차라리 단계적으로 공부하는게 맞는건가? 라는 생각 때문에 1번과 2번중 고민하고 있습니다. 어차피 스프링으로 최종적으로 스택을 갈 것이기 때문에 오래걸리더라도 바로 spring을 공부하는게 좋을까요? 아니면 비교적 러닝커브가 낮은 nestjs로 공부하여 일단 백앤드 직무로 빠르게 현업에서 일하는게 좋을까요? 감사합니다."
57,flutter,Kotlin vs Flutter,"현재 대학교 4학년 재학생입니다. 취직을 위한 고민을 하며 웹을 공부하던 와중, 취직을 할 수 있을까? 라는 생각이 들었습니다. 그러다 만들고 싶은 앱이 생각나서, 만들어보며 흥미가 느껴지면 이 분야로 취직도 할까 생각 중입니다. 언어로 Java는 사용할 줄 알지만, 자세히는 몰라서 만약 사용한다면 다시 공부해야 합니다. 그래서 요즘 떠오른다는 Kotlin 과 Flutter 사이에서 고르는게 좋지 않을까 라는 고민에 휩싸였습니다. 혹시 현재 기업에서나 스타트업에서 둘 중 어떤 언어가 많이 쓰이는지 알려주실 수 있나요?"
58,flutter,웹 개발에서 앱개발로 전향,"안녕하세요! 현재 회사 다닌지 1년정도 된 웹 프론트엔드 개발자 입니다! 나이는 21살 입니다. 제가 공부하던 기간과 경력기간 합치면 웹은 2년 반 정도 넘었습니다. 요즘 고민이 생겼습니다..! 웹보다 앱에 관심이 생겼어요.. 현재 퇴근하고 집에 가서 플러터 공부를 해보고 있습니다! (React를 할줄 알기에 RN해보려다가 다른 쪽 언어기반인 Flutter를 경험해 보고싶었습니다) 배울 수록 더 재밌더라구요. 그래서 플러터도 해보다가 스위프트쪽으로도 가고싶고.. 앱 방향으로 가고 싶습니다. 그치만, 웹을 그래도 했는데..앱으로 가도 되나 싶습니다.. 웹에서도 전문성을 쌓지 않았는데 바꾸는 거 같아서 걱정됩니다. 저는 2~3년 뒤에 이직을 중견, 대기업 앱 개발자로 가고 싶은.. 큰 꿈이 있습니다!! 앱으로 가도 괜찮을지 지금 현직에서 일하시는 선배님들 조언을 듣고싶습니다."
59,flutter,Flutter inappwebview 앱 열기 질문입니다,"안녕하세요! Flutter로 앱을 개발중입니다. 인앱웹뷰로 앱을 여는데, 타 앱을 열리나 알 수 없는 스키마로 웹페이지를 열 수 없다는 에러페이지가 해당 앱 내에서는 보여집니다. 도대체 이유가 뭔지 모르겠어서 며칠간 고민하고 질문드립니다.."
60,flutter,React-native와 Flutter 중에 어떤게 어플 만들기 더 쉬울까요,궁금합니다
61,flutter,Flutter vscode 작업중 kotlin 오류 질문드립니다.,사진과 같은 오류가 나왓으며 코틀린 버전은 1.9.23 으로 설정해놓앗습니다. 추가적으로 알아야할것이나 답변 기다리겟습니다.
62,flutter,미래에 대한 고민?,안녕하세요 현재 Flutter로 현업에서 개발하고 있는 사람입니다. 현업에서 느낀게 있어서 백엔드 개발자로 전향하기를 희망합니다. 자료랑 레퍼런스도 많고 인력 풀도 넓은 Spring 백엔드 개발자로 전향하기로 최종적으로 정했습니다. 여기서 고민이 시작되었는데요. 어느 것에 집중할지 고민입니다. 저는 혼자서 앱 4개를 런칭할 정도로 창업에 대한 장기적인 목표가 있습니다. (죽기전에 꼭 하겠다는 목표입니다.) 그렇다면 미래의 진로가 2가지로 나뉘게 됩니다. 1. 백엔드로 이직 -> 사이드 프로젝트로 여러 서비스 개발 -> 창업 2. Flutter로 밥벌이 하면서 사이드 프로젝트 바로 개발 -> 창업 어떻게 하는게 좋을까요? 막연한 화이팅 보다는 현실적인 부분을 조언해주시면 정말로 감사하겠습니다.
63,flutter,이직 관련하여 궁금합니다.,"저는 소기업에서 홀로 안드로이드 개발을 약 2년 되어가고 있습니다. 제가 궁금한건 저 혼자 개발을 하다보니 이 회사에서의 미래가 보이지가 않습니다. 그래서 React를 배워 프론트 쪽으로 이직을 할지, flutter를 배워서 이직을 해야할지 궁금해집니다. 아니면 현재 하고 있는 안드로이드만 가지고 이직을 해야할지 고민이 됩니다.."
64,flutter,네이버 부스트캠프 노베이스로는 힘든가요?,"안녕하세요 이번 8월에 졸업을 앞둔 대학생입니다. 원래 Flutter를 공부하면서 졸업 프로젝트를 진행했다가, 네이티브 경험이 있어야 취업에 유리하다는 말을 듣고, 네이버 부스트캠프를 지원하여, 지금 활동중입니다. Kotlin을 베이스로 진행되는데, 제가 관련 지식이 아무것도 없어서, 학습이나 팀 과제를 진행할 때에 많이 벽을 느끼네요... 네이버 커넥트재단 부스트캠프 성격이 관련 스택이 노베이스인 상태로는 많이 힘든가요??"
65,flutter,지도 기반 프로젝트 질문 드립니다,"안녕하세요! 백엔드 취준생입니다 현재 지도 기반으로 사진 장소를 기록하고 추천하는 프로젝트를 만들고 있는데 질문 좀 받아주시면 감사하겠습니다 ㅠㅠ (프론트는 Flutter, 백엔드는 스프링 부트와 Mysql을 사용중입니다) 현재 사용자가 사진을 올리면 사진의 좌표 정보를 지도 서비스 제공자(카카오, 네이버 등)를 통해 특정 장소의 좌표, 주소로 변환하고 있습니다 같은 장소라도 사진의 좌표가 조금씩 다르기 때문에 대표 좌표로 사진들을 모아서 보여주기 위해 이렇게 했습니다 그런데 이렇게 하면 사진을 업로드 할때마다 외부 API를 호출해야 하고 의존성이 너무 높은 것 같아서 다른 방법을 생각하고 있습니다..! 제가 생각한 방법은 사진 좌표에 가장 인접한 좌표의 장소를 DB에서 1차적으로 조회해서 사용자에게 해당 장소에 등록할지 물어본 후 외부 API를 호출하는 방법이 있습니다 혹시 다른 좋은 방법이나 조언 좀 해주시면 정말 감사하겠습니다!"
66,flutter,스타트업에서 대기업으로의 이직,"안녕하세요..! 현재 1년정도 Flutter 개발자로 일하고 있는 사람입니다. Flutter에서 신입으로 취업하기가 거의 불가능에 가까운 상황에서 운 좋게도 경력으로 인정받아 스타트업에서 일하게 되었습니다. 플러터 기술 자체가 좋아서 시작했지만, 사실 지금은 큰 기업에서 정돈된 근무체계와 시니어가 많은 환경에서 일하고자 하는 마음이 큽니다. 꾸준히 개인 프로젝트나 기술스택을 늘려가기 위해 노력하고 있으나, 애초에 대기업에서 플러터 채용이 거의 없다시피 하기도 하고 그나마도 네이티브 경력이 풍부한 개발자를 선호하는 상황이라 제가 2-3년차가 쌓이더라도 대기업으로 이직이 가능할지 걱정이 됩니다. 계속 플러터로 커리어를 가져가도 될지, 아니면 현업에 임하면서 네이티브 개발자 신입으로 새롭게 취업할 준비를 해나가야 할지 고민이 됩니다. 관련해서 조언 부탁드려요..!"
67,flutter,앱개발 백엔드 개발자,"안녕하세요. 통신전공 4학년 개발 공부하는 대학생입니다. 저는 프론트엔드보다는 백엔드에 재미가 생겨서 자바+스프링부트를 공부하고 있습니다. 학점은 4점대 이상으로 좋은 편이나, 시험공부에만 집중해서 개인적인 공부는 올해부터 시작했습니다. 그래서 제가 진행한 프로젝트는 1개도 없습니다.. 프로젝트에 대한 필요성을 느끼던 중 학교 동아리에서 개발 동아리원을 모집하더라구요. 그런데 이 동아리가 앱 개발이고, flutter와 spring boot를 이용한다고 합니다. 제가 앱개발쪽은 아예 지식이 없어서요.. 저는 웹 개발 백엔드로 취업하고 싶은데 도움이 되는 동아리 활동일까요? 앱개발의 백엔드 과정과 웹개발의 백엔드 과정이 비슷한 내용인가요?"
68,flutter,Flutter 인앱결제 구독,in_app_purchase 사용해서 정기결제 구독부분을 넣고 있는데 구독내역에 대한 구글 api를 넣으려고 하는데 어려워서요 예시나 gcp android development api 사용방법 알수 있을까요?
69,flutter,Flutter 9개월차 신입 이직?,"지금 회사에는 그냥 정말 우연히 들어오게 되었습니다.. 정말 작은 스타트업회사입니다 정말 이제 시작하는 스타트업이요.. 학교 다닐 때 리액트 찔끔 장고 찔끔 이런식으로 맛보기만 해보면서 시간이 흘러버린 상태로 여기까지 오게 되었는데요.. 이 회사 그리 오래다니지 못할 것 같습니다.. 그래서 이직을 하려고 찾아보는데 제가 너무 부족해서 어디 이력서를 내기도 부끄러울정도 입니다. cs지식도 없고, 코딩테스트 문제를 풀어본적도, 성공적인 프로젝트를 한 적도 없습니다. 이런 상황에서 바로 이직은 불가능하다는 생각이 들었고, 싸피같은 부트캠프에 도전해볼까합니다. 이게 괜찮은 선택일지도, 부트캠프에 합격을 할지도, 프론트를 할지 백엔드를 할지도 모르겠습니다. 퇴사를 하고 혼자 플러터+nodejs로 프로젝트+cs공부+백준 고민이 되기도 하는데요.. 너무 두서없이 작성한 것 같은데 1년차 신입이 부트캠프에 도전하는게 좋을지 혼자 공부 후 재취업이 고민입니다."
70,flutter,Ios 앱 개발 빌드 기기 질문!,안녕하세요 flutter 주니어 개발자입니다. 회사에서 ios 앱 개발 하라는데 아이폰을 안사줘서 직접 중고로 구매하려합니다.. 아이폰se2가 가격이나 출시가 적당해보이는데 해당 기기로 빌즈 하시는 분이나 다른 기기로 빌드하시는분 계실까요? 어떤 기기가 미니멈 사양인지 알고싶어요!
71,flutter,window.open과 관련하여 질문드립니다.,"안녕하세요 Flutter와 Next.js로 웹뷰를 적용시킨 앱을 운영중인데 아주 드문 케이스로 window.open이 작동하지 않습니다. 1. 앱의 경우, 일본유저의 경우에만 window.open이 실행되지 않는 현상이 발견됩니다. (국내유저는 아직 해당 현상이 발견되지 않아 일본유저에게만 발생한다 추측하고있습니다) 2. 웹의 경우, 자동완성된 url로 접근하면 window.open이 실행되지 않지만 브라우저 캐시삭제 후 다시 사이트를 접속하면 잘 동작합니다. 위의 두 케이스 모두 극히 드문 경우에 발생하며 현재 재현이 불가합니다. 혹시 위와 같은 현상이 발생하셨거나 해결방안을 알고 있으시면 답변 부탁드립니다!!"
72,flutter,퇴사를 해야 할지 계속 다녀야 할지 고민입니다.,"전기공학과 출신으로 현재 나이는 36살이고 시험 준비를 하다 늦깎이 취직을 하게 되었습니다. 어릴 때부터 개발에 대한 꿈이 있었고, 초급 개발자가 필요하다는 제안을 받아 1년 전 베이스 없이 입사하게 됐습니다. (제안 당시 일하면서 배우면 된다고 했습니다.) 현 직장은 스타트업으로 제가 입사 당시 개발팀은 꾸려지지 않은 상태 였고 저와 3년 차 개발자를 채용하여 회사 플랫폼 기획단부터 업무 지시했습니다. 3년 차 개발자분이 약 2달 정도 업무를 하다가 야근과 주말 출근 등 업무 강도를 견디지 못하고 퇴사하였고, 저는 낙동강 오리알이 되어 혼자서 기획 + 회사의 잡 업무를 병행했습니다. 기획 후 개발은 외주에서 진행하는 걸로 되어있고, 저는 개발이 어느 정도 끝난 후에 2달 정도 인수 인계를 받기로 했습니다. 개발 프레임워크가 vue, flutter 여서 인수 인계를 받기 위해서라도 말귀라도 알아들으려 강의를 보면서 html, css, 자바스크립트, vue, flutter 등 훑어보기 수준으로 공부 했고, 외주에서도 저의 실력을 대충 알아보시곤 2달 동안 전반적인 프로세스와 api 호출, 디자인 변경등 기본적인 것들만 가르쳐 주셨습니다. 현재 개발은 끝났고 저는 간단한 수정작업과, 주로 QC/QA 업무를하며 외주에 유지보수 요청을 하고 있는 상황입니다. 개발 회사가 아니다 보니, 인력채용할 생각도 없고 한다고해도 혼자서 프로젝트를 끌고 가려면 적어도 중급 개발자 이상이 되어야할 것 같은데 구하기 쉽지 않아 보입니다. 개발자가 되기 위한 꿈은 포기하지 않았습니다. 하지만 제 나이와 현실에 부딪히다 보니 현재 업무를 계속해 나가야 할지, 지금이라도 나가서 개발 공부를 시작해야 할지 고민이 됩니다. 조언 부탁드립니다."
73,flutter,취준생의 고민. Flutter? Web?,"안녕하세요 프론트엔드 개발자로 취업을 꿈꾸는 대학생입니다. 졸업을 앞두고 프로젝트, 포트폴리오, 코테 등 여러서 준비를 하며 시간을 보내고 있습니다. React, Ts, React query 등 , 기초적인 백엔드, DB까지 플젝으로 공부며 당연히 취업도 웹프론트엔드로 생가했습니다. 그러다 얼마전 앱개발에도 큰 관심을 가지게 되었는데 그 중 플러터의 매력을 깊지는 않지만 저의 관심사에 크게 차지되었고 현재는 이것 때문에 고민입니다. 나름 그래도 이제 서류넣고 면접준비 단계까지 온 웹프론트엔드 취업준비냐, 앞으로 전망이 커지고 점점 시장이 넓어져거는 플러터를 공부해 취업을 해보느냐 입니다. 물론 미래를 알수 없으니 선택은 저의 몫이고 둘다 해보고 제가 확실히 정하면 좋겠지만, 그래도 조금의 조언이라도 들어보고싶어서 이렇게 글 남깁니당. 웹플, 플러터 뭐라 좋을까용"
74,flutter,개발자 진로에 관한 고민이 있습니다,"안녕하세요 컴퓨터관련학과 2학년 이제 막 시작한 대학생입니다.. 제 진로에 대해 고민이 너무 많아서 질문해보아요 저는 학과가 보안이지만 전공을 듣다보니 보안에는 전혀 흥미가 없는 것 같아서 개발로 가보려고 해요.. 지금은 코딩테스트를 위한 파이썬 공부를 진행중이고요 잘 다루는 편은 아닙니다.. 아직 프론트엔드 백엔드 어디로 갈지는 잘 모르겠고요.. 찾아봐도 아직 잘 모르겠네요 ㅠㅠ 아니면 AI로 갈지도요.. 어디로 가야할지 모르니, 무엇부터 공부해야할지 모르겠더라고요.. 앱개발에는 흥미가 있어요!! 어렸을때부터 만들어보고 싶었던 앱들이나 어떤 앱을 사용하면서 불편했던 점을 노트에 정리해놓기도 했구요.. 그래서 뭐 흥미있는거라도 해보려고 찾아보니 Flutter라고 앱개발에 쓰이는 언어가 있더라고요..! 그런데 찾아보니 큰 회사들은 잘 안쓰는 것 같기도 하고요.. 그리고 또 찾아보니 앱개발자는 보통 취미로 하시는 것 같고 취업에 바로 쓸수도없는것 같더라구요?(제가 잘 이해 못한걸지도요..) 그래서 백엔드나 프론트엔드 중 하나를 골라야 할것 같기도 하네요 참 머릿속이 복잡해서 두서없이 적은것같아요 요즘 어떤 방식으로 공부해야할지 감이 안와서 걱정도 되고 밤에 잠도 잘 안오네요.. ㅠㅠ 어떻게 해 나가야할지 도움을 받을 수 있을까요?? 주변에 IT관련된 실무자 분들이 안계셔서 여쭤볼 곳도 없어서 이곳에 적어봅니다.. 읽어주셔서 감사합니다."
75,flutter,Flutter를 어떻게 하면 효율적으로 공부 할 수 있을까요?,글쓴이 본인과 더해서 비전공자 팀원 한명과 함께 플러터 스터디를 진행하고있어요! 매주 3회 2시간씩 온라인으로 강의를 통해 각자 학습 후 과제를 진행하는 방식으로 스터디를 진행중에 있는데요? 투자하는 시간에 비해 효율이 떨어지는거 같아서 스터디 방식에 대해 고민이 많은 편입니다. 오프라인 방식은 현재 부산과 인천에 거주중에 있어서 힘든 상황이라 여러분들은 온라인으로 스터디를 진행할때 어떤 방식을 채택하여 효율적으로 스터디를 진행중인가요?
76,flutter,지도 api 관련 질문 드립니다.,Flutter 독학으로 앱개발 연습 하고있습니다. 지도 api를 사용함에있어 검색 결과에 따른 위치를 이미지 마커로 표현하려는데 해당 이미지를 검색 결과의 매장의 대표 이미지를 사용하려합니다. 구글링이나 지도 api 쪽을 확인해봐도 이미지 소스 자체를 쓰는것밖에없는데 혹시 주소나 좌표로 해당 매장의 대표 이미지를 얻는 방법이 있을까요?
77,flutter,Flutter 인증코드 전송 관련 질문드립이다,플러터로 프로젝트 개발중입니다. 회원가입시 메일로 인증코드를 보내어 입력하거나 핸드폰 문자로 인증코드를 보내어 입력하는것을 진행하려하는데 api관련해서 정보를 찾기 어려워 질문 남깁니다!.. 해당 과정 진행하신분들 api 어떤거 사용하셧을까요? 참고자료 같은게 있을까요?
78,flutter,flutter 공부하고 있는 4학년 재학생입니다,"안녕하세요, 현재 플러터를 공부하고 있는 4학년 소프트웨어학과 학생입니다. 3학년때 처음 플러터를 알게 되었고 공부에 흥미가 생겨서 현재까지도 하고있습니다. 희망진로가 없었던 터라 현재 공부하고 있는 플러터로 취업을 할까 고민중입니다. 플러터를 공부하면서 동시에 3학년 2학기에 팀프로젝트로 안드로이드 스튜디오를 이용한 사이드프로젝트를 만든 경험이 있습니다. 하지만 네이티브 앱을 작업하면서 확실히 플러터의 매력에 더 빠지게 되었습니다. 이런 상황에서 플러터만 공부해서 취업하는 것이 가능할까요? 아니면 네이티브 앱을 주로 공부하면서 플러터 프로젝트를 병행해야 할까요?"
79,flutter,"크로스플랫폼에서 네이티브 공부 시, 진영 선택","안녕하세요 선배님들, 현재 작은 회사에서 Flutter로 단독 개발을 하고 있습니다. 요새 개발을 하면서 네이티브 공부의 필요성을 느끼는데, 스위프트와 코틀린 중에 우선적으로 공부해야하는 부분이 뭘까요 ??"
80,flutter,공모전 프레임워크 추천 부탁드립니다,"기술 스택도 부족하고 아직 아는게 많이 없는 2학년끼리 경험삼아 앱개발 공모전에 출전하기로 하였습니다. 다들 주요 기술 스택도 없어서 어떤 언어와 프레임워크를 사용하면 좋을지 못정하고 있습니다. 개발할 앱은 여러개의 커뮤니티(게시판, 블로그)가 존재하는 형태입니다. 프론트는 일단 빠르게 개발이 가능하다고 해서 Flutter를 생각중이고 백엔드로는 언어는 파이썬 또는 자바 중에 고민중입니다."
81,flutter,웹뷰-앱에서 url scheme 의 구체적인 사용 방법이 궁금합니다,"지금 처음 웹뷰를 개발해보고 있는데 앱 내 웹뷰에서 앱으로 개발 된 다른 페이지로 이동을 할 때 url scheme 을 사용하는 걸로 알고 있습니다 '<scheme>://<domain>/...' 이런 형태의 주소를 a 태그에 걸고 클릭 하면 앱의 네비게이션을 통해 페이지 이동을 한다 라는 것 까지만 알고 있는데 실제로 여기까지 해서 클릭 해보니 별다른 동작이 없었습니다 웹뷰에서는 약속된 주소를 a 태그에 거는 것 까지 하는게 다 인 것 같은데 앱에서는 스킴을 등록한 후 어떤 처리가 더 필요한지, 웹뷰에서 링크를 클릭 했을 때 앱에서는 구체적으로 어떤 과정을 더 거쳐 최종적으로 페이지가 이동하는 건지 궁금합니다 아무리 찾아봐도 관련 글이 나오지 않아 질문 남깁니다..! 기술 스택은 웹뷰는 nextjs, 앱은 flutter 입니다 + 그리고 ios 환경에서 웹뷰 텍스트 인풋 클릭했을 때 키보드는 올라오는데 인풋에 커서가 안생기고 입력해도 값의 변화가 없는 에러를 경험해 보신 분 있으실까요..?"
82,flutter,"jwt를 쿠키에 담을까요, 헤더에 담을까요?","jwt토큰을 쿠키로 받을지 header authorization 토큰으로 받을지 고민중입니다. 차이점은 계속 알아보고 있는데, 둘중에 뭘 써야한다! 라는 확신이 안생기네요.. 둘다 상관 없는 것(하면 될 것) 같은데..? 라는 결론에 도달합니다.. 클라이언트는 flutter기반 모바일 앱이고, 서버는 nestjs 위에 작성하고 있습니다."
83,flutter,"혼자 하는 코딩 공부, 잘 하고 있는 건지 모르겠습니다.","안녕하세요 올해로 25살, 대학교 4학년에 재학 중이고 취업 준비 중인 대학생입니다. 곧 졸업을 앞두고 취업 준비를 위해 개인 프로젝트의 앱 제작을 Flutter와 DRF를 공부하며 개발 중입니다. 고민인 부분이 혼자 공부해가며 개발 중인데 제가 짠 코드가 깔끔하고 잘 짜여진 코드인지 의문입니다... 나름대로 코드를 깔끔하고 보기 좋게 짜고 있지만 스스로 평가하기에는 제 실력이 부족하고 다른 사람들의 의견이 어떤지 궁금하기도 합니다. 교내에서도 전공이 it 관련 학과긴 하지만 개발 쪽이랑은 거리가 있는 곳이라 과 선, 후배에게 부탁해 코드 리뷰 하기 어렵기도 하고 관련 지식과 경험이 풍부한 사람을 찾기 힘든 상황입니다. 개인적으로는 경력과 실력이 있으신 멘토님께 조언을 구하고 싶지만 어떻게 그런 분께 부탁을 드릴 수 있을지 모르겠고 물론 아무것도 안 하고 있는 것보다는 당연히 좋겠지만 지금처럼 단순히 기능만 잘 작동하는 앱을 제작 하는것이 개인 개발 공부와 이력서에 작성할 포트폴리오에 도움이 될지 궁금합니다."
84,flutter,AI 대학원 준비중인 학생입니다,인공지능 이용한 데이터분석을 목표로 준비중인데 도움이 될까 해서 방학동안 애플앱개발 공부를 해보고 싶은데 swift와 flutter 중 어느 것이 나을까요? 그리고 후에 취업을 할 때 이 능력이 도움이 될까요? 알려주시면 감사하겠습니다!
85,flutter,웹/앱 오브젝트의 동적변화에 따른 기술스택 선정,"안녕하세요 선배님들, 신입 프론트엔드 개발자입니다. 현재 사내에 사수가 없어서 혼자 프론트 개발을 담당해야하는데 신규 프로젝트가 교육관련 모바일 앱, 윈도우 앱, 웹으로 기획되었습니다. 주요 포인트가 학습에 따른 캐릭터의 성장인데 캐릭터 표정변화 및 동적인 요소를 구현해야합니다. 저는 리액트를 주스택으로 개발했었는데 관련 자료를 찾기가 쉽지 않아 질문드립니다. 2D 오브젝트의 여러 동적변화(표정, 옷갈아입히기, 드래그, 끌어놓기, 스와이프, 클릭 등 제스처)를 구현해야하는데 자체 게임엔진을 지원하는 Flutter로 스택을 정해야할까요? 아니면 리액트에서 GIF로 대체하는 방법을 선택해야할까요? 읽어주셔서 대단히 감사합니다."
86,flutter,아직 학생인데 어떤 쪽으로 취업 준비를 해야할지 모르겠습니다.,"안녕하세요. 대학교 3학년 2학기 재학중인 컴퓨터공학과 학생입니다. 1년 휴학을 하다가 프론트엔드 부트캠프를 4개월동안 들었습니다. 그래서 프론트엔드 개발자로 취업준비를 하려고합니다. 그 이유는 흥미가 있진 않지만 딱히 이것말곤 할 수 있는 것이 없고 다른걸 어떻게 시작해야할지도 모르겠기 때문입니다. 현재는 react+typescript, flutter를 사용해서 프로젝트 두 개를 하고 있습니다. 주변에 엄청 열심히 살면서 프로젝트 여러개 하고 대회 나가서 수상도 하는 친구들을 보며 부럽고 참 대단하다고 느낍니다. 하지만 그만큼 열심히 하지 않으면서 부러워만 하는 제 자신이 열등감 덩어리처럼 느껴질 때도 있습니다. 나름대로 열심히 살아가고 있다고 생각했는데 막상 결과물을 보면 저에게는 개발 관련해서는 수상한 것이 없으며, 하나 깊게 알고 있는 언어도 없습니다. 그렇다고 코딩에 흥미가 없어서 남들처럼 밤새서 열심히 하진 않습니다. 이렇게 제가 취업할 회사는 있을지 불안만 커집니다. 취업 생각만 하면 답답하고 이제부터 공부를 하면 된다고 생각하는데 공부를 어떤걸 해야할지도 모르겠습니다. 어떤 쪽으로 취업 준비를 해야할지도 아직 정해진 것이 없습니다."
87,flutter,컴공 2학년 플러터로 개인프로젝트 해도 될까요,안녕하세요 학교에서 파이썬은 안다루고 c cpp java로 수업합니다. 개인 프로젝트를 하려 하는데 js css html으로 사이트는 만들어봐서 웹이랑 앱을 만들고 싶숩니다 플러터는 파이어베이스랑 같이 써서 웹 앱 서버 다 퉁칠 수 있다는 게 매력적으로 다가왔습니다. 단점은 학교 수업에서 안쓰이는 flutter와 dart를 공부해야 한다는 것입니다. 자바랑 스프링 건드려 보는게 나을까요?
88,flutter,개발환경 추천해주세요,"알바를 하면서 근무일지 작성을 수기로 하고있습니다. 알바생한명마다 근무일지록을 한 장씩 사용하는데 가끔씩 부족하면 영수증에 적곤합니다. 그리고 일지록을 사장님이 뽑아주시는데 종종 깜빡하시기도 합니다. 그래서 프로그램을 하나 개발하면 좋을 듯 싶어 개발준비중입니다. 여기서 질문하고싶은건 개발환경을 정해야하는데 어떤 플랫폼이 적당한지 모르겠습니다. 사용가능한 도구로는 안드로이드 기반 탭혹은 포스용 피시가 있습니다. 그래서 고민중인 개발환경은 1. Flutter 기반 앱 2. React 기반 웹 을 고민중입니다. 프로그램은 근무일지작성 -> 직원의 서명, 전체일지 엑셀로 출력 기능은 필수로 구현할 예정입니다. 어떤 환경이 적절할까요?"
89,flutter,"iOS 에서 Flutter 로 커리어변경, 어떻게 생각하시나요?","제 상황을 말씀드리면, 아직 개발한지 1-2년정도 iOS개발 경력을 가지고 있습니다. 그러다가 외부 프로젝트 진행기회가 생겨서 Flutter 로 진행했는데 괜찮다는 인상을 받았습니다. 혹시, 다른 개발자분들이 보시기에 커리어 전환이 어떻게 생각되시는지 귀중한 조언을 받고 싶어서 글 올립니다."
90,flutter,IT 주요 기업의 스택 (iOS 관련),"안녕하세요, 주요 기업(대기업)에서 활용하고 있는 스택을 보고 있습니다(iOS) 보통의 채용 공고에서는 크로스 플랫폼(RN, Flutter) 기술자 공고가 많이 보이는데, 제가 못 찾은 것일 수도 있겠습니다만(채용 공고 내에서 확인했습니다) 네이버를 제외하고는 하이브리드 앱을 서비를 하고 있는 곳이 있을까요?? 또는 사내 주요 스택을 볼 수 있는 곳이 따로 있는건지도 알고 싶습니다"
91,flutter,안드로이드 개발자 관련 질문 드립니다.,"안녕하세요. 현재 금융권 기업에서 유지보수 업무를 맡고 있는 1년차 주니어입니다. 현재 자바, 스프링으로 업무를 보고 있습니다. 요즘 안드로이드 쪽에 관심이 생겨 이직을 생각 중 입니다. 그래서 질문 몇가지 드리겠습니다! 1. 안드로이드 개발에 관한 강의, 도서 추천 2. 안드로이드(네이티브) 개발자 전망 3. 코틀린, 코루틴 등 배워야 할 기술 4. Flutter나 RN(하이브리드)을 배우면 더 좋을지?"
92,flutter,앱개발 공부 관련해서 여쭤봅니다..,현재 소프트웨어 엔지니어로 흔히 말하는 ㅈ소에서 일하고있습니다... 비전공자라 국비교육받고취업해서 3년넘게 일하고있는대 연봉도 그렇고 처우도 그렇고 해서 이직을 생각 하고 있습니다. 특별한 기술이 없어 이직 하는 대도 어려움이있을거같아 개발자 공부를 하여 이직을 하고 싶어 자문을 구하고자 글을 올리게 됬습니다. 개발자쪽으로 알아 보던중 IOS 앱개발 쪽으로 끌려 알아 보고 있지만 IOS 앱 개발 교육이 많지 않아 어떻게 시작을 해야 할지 모르겠습니다... 현업에 계시는 IOS개발자 분들께서는 독학으로 공부하시고 취업을 하셨는지 궁금합니다 국비 지원이나 부트캠프 혹은 온라인강의 등 추천해주실만한 공부법이 있을까요.... IOS 앱 신입개발자 현실도 궁금합니다.... IOS 개발자는 신입이 설자리가 부족하다고들 하는대 궁금하기도합니다.. IOS 말고 AOS나 flutter 개발자도 전망이 있는지도궁금하네요 개발자라는 직업이 남들이 다해서라기보단 IT에서 일하면서 성장하고싶고 미래를 투자하고싶은대 주위에 멘토가없어 조언 구하기가 힘드네요...
93,flutter,Flutter 개발 관련 서재 추천,이번에 처음 앱을 만들려고 하는데 다트와 플러터를 공부해보려고 합니다 처음이다 보니 어떤 교재를 사야할지 고민이됩니다 책 추천 좀 받을 수 있을까요??
94,flutter,모바일(flutter) 신입 지원을 했습니다,"우선 지원한 회사는 방송장비 제작 업체 입니다 모바일 산업도 함께 하고 있어서 플러터에 지원을 하고 1,2차 면접도 마치고 대기중인 상태입니다 다만 회사측에서는 주력이 펌웨어이다보니 프로젝트가 끝나면 펌웨어쪽으로도 투입이 될 수 있다고 말씀을 하셨는데 저는 다양한 분야로도 프로그래밍을 해도 나쁘지 않겠다는 생각을 하는데 그럼에도 모바일 개발쪽으로도 성장을 하고 싶은 맘이 커서 그런데 현업에 있으신 분들의 생각은 어떠신지 궁금합니다 말이 길었습니다만 요약하면 다양한 분야로 개발의 풀을 넓히기 VS 모바일로만 깊게 할수 있는 곳으로 지원하기 라고 보시면 될거같네요"
95,flutter,신입 Flutter 개발자,안녕하세요 컴퓨터공학과에서 개발을 공부중인 학생입니다. 다름이 아니라 파이썬이나 웹쪽 언어를 중점적으로 공부하려고 하다가 최근에 다트와 플루터를 접하게 되었는데 재밌고 미래가 밝을 것 같다는 생각이 들어서 다트와 플루터를 메인으로 공부를 해보고 싶은데요. 신입 개발자로 플루터 개발자를 잘 채용하지 않을 것 같다는 것이 고민입니다. 채용공고를 둘러봐도 플루터 개발자를 뽑는 인원 자체도 적은 편인데 신입을 채용하려고 할까..? 싶어서 다른걸 먼저 공부해서 취업한 후에 플루터를 다시 해야하나 고민입니다.. 취업 시장에서 신입 플루터 개발자의 입지는 어떤가요 ?
96,flutter,고등학생 대입 포트폴리오 주제 선택 질문입니다.,"안녕하세요. 저는 개발자를 꿈꾸고 있는 고등학교 3학년 학생입니다. 현재 대입 시즌이 되어 생기부 마감을하고, 면접준비를 하면서, 포트폴리오를 보는 전형이 있는 대입 전형도 같이 생각하게 되었습니다. 그러나 잘 적혀있는 생기부와 달리 어떤 포트폴리오/ 프로젝트 를 기재할지 아직 정하지 못하였습니다. 그동안 백엔드 공부, 프론트 엔드 공부, Flutter 같은 앱 개발 프레임워크 공부 등등 고등학교 생활기록부에 적히기 위해서 필요한 것들을 공부 하였습니다. 생기부는 과목에 맞춰서 프로그래밍 언어/ 프레임워크 를 공부하고 선생님 마음에 들게 프로그램이나 보고서를 만들어가면 좋은 결과를 얻었기 때문에 주제선택에서 쉬웠습니다. 덕분에 이것저것 여러개 찍어먹어보고 프로젝트도 만들어서 기재도 해봤지만, '저만의 기술'을 아직 찾지 못한것 같습니다. 포트폴리오에 적히는 것에서나, 면접에서나, '어느 분야를 전문적으로 탐구하고 공부하고 있다.' 를 말하기 어려운 상황입니다. 정보보안이면 정보보안, 백엔드면 백엔드, 토픽을 정해서 그쪽 분야에 대한, 통합된 포트폴리오를 만드는 것이 좋을것같은데, 아직 그러지 못해서 고민입니다... 포트폴리오 접수일까지 얼마 남지도 않아서 더욱 더 고민입니다... 저에게 맞는 포트폴리오란 무엇일까요? 물론 이건 저만이 알겠지만 현직 개발자분들은 어떻게 생각하실지 궁금해서 여쭤봅니다... P.S. 대입 포폴용으로 추천할만한 주제 있으시면 적어주시면 감사하겠습니다! 많은 도움이될것같습니다.. 감사합니다!"
97,flutter,기업 사전과제의 완성도는 어느정도가 좋은걸까요?,"현재 경력 3년정도의 flutter 개발자입니다. 서류는 그럭저럭 타율이 나오는 편인데 사전과제에서 통과하기가 힘드네요. 코테같은 경우에는 확실한 채점기준이 있으니 불합격이나 합격이 떠도 어느정도 예상이 가는편인데, 사전과제같은 경우엔 전혀 감이 안잡히네요. 보통 영업일 포함 3~5일정도 주던데, 일을 하고 있는 상황이다보니, 온전히 쓸 수 있는 시간은 2~3일 남짓인거 같아요. 사전과제에 쓰인 것만 구현한다면 크게 부담되는 시간은 아니지만, 불합격 비율이 높은걸 보면 그것만 원하는게 아닌 것 같아서요. 디자인도 없고 글만 있으면 참 막막해지는 과제 종류인것 같아요. 제가 생각하는 완성도 있는 결과물은 1. 에러케이스 처리 (화면 뿐만이 아니라 로그를 남기는 정도) 2. 테스트 코드 3. 디자인(디자인 코드? 테마 같은것) 4. 짜임새 있는 파일구조 5. 사용자의 인터렉션을 고려한 레이아웃 정도를 챙겨야 될 거 같은데, 정말 간단했던 몇몇 회사 과제가 아니면 시간내에 하기가 굉장히 부담되더라구요. 이걸 다 챙기고 일부만 보내야할까.. 아니면 조금 떨어지더라도 다 구현하는게 맞는걸까 생각도 많이 들구요. 제일 답답한건 어떤게 부족해서 탈락했는지 피드백을 요청해도 알려주는 회사가 없었다는 점이었네요. 기업의 채용기준을 어느정도 아시는분들께 도움을 구해봅니다."
98,flutter,대학교 4학년의 고민,"안녕하세요. 현재 경영정보학과 4학년 2학기 재학 중인 학생입니다. 진로에 대한 고민이 너무 많아서 질문을 드립니다. 1. 전공과 기초지식 과 특성상 여러 가지를 배우고 있습니다. DB, 애플리케이션 개발, 머신러닝, 딥러닝, 경영전략 등등.. 이렇게 다양한 분야를 배우면서 경영 쪽에는 흥미가 없어서 데이터베이스, 앱 개발 , 머신러닝 등 개발 쪽에 관심이 쏠려있습니다. 그런데 컴공이나 산공처럼 자료구조, c언어, java 등을 기초부터 깊게 배우지 않고 어느 정도 맛만 보는 정도입니다. 그래서 정보처리기사(필기합격, 실기 준비중), 인터넷 강의 등으로 기초를 배우고 있는데 잘하고 있는지 궁금합니다. 저희 학과를 살려서 어필할 수 있는 게 있을지도 궁금합니다. 2. 졸업과 졸업 유예(부트캠프 수강) 학교를 다니면서 간단한 프로젝트를 몇 개 정도 하였습니다. flutter를 이용한 앱 개발, Django 웹 개발 등을 하였습니다. 근데 배포는커녕 서버에도 올리지 못하였습니다. 그 부분에서 너무 아쉬움이 남고, 꼭 한번 배포까지는 아니어도 서버에 올리고 싶은 마음이 있습니다. 그래서 좀 아쉬운 마음에 부트캠프를 수강 하려고 하는데 졸업하고 수강 할 지 졸업 유예를 하고 수강 하는 게 좋을지 고민입니다. 3. 진로 고민 프로젝트를 하면서 프론트엔드, 백엔드, 딥러닝 부분 이렇게 다양한 부분을 경험해 보았습니다. 모두 다 너무 재미있었고, 각각의 매력이 다 달랐던 것 같습니다. 오류가 나면 짜증과 동시에 꼭 한번 이 오류를 해결해 보고 싶은 마음도 생기고 하면서 개발에 점점 더 빠져들게 되었습니다. 하다 보니 직무를 정하고 취업 준비를 하든 부트캠프를 하던 하고 싶어서 직무를 정하려고 하는 데 너무 어려움이 많습니다. 지금 생각은 백엔드 쪽을 희망하고 있습니다, 프로젝트를 진행했을 때 데이터를 주고받고 API를 연결하고 이러는 부분이 재미있고, 원하던 결과가 나왔을 때 행복감이 커서 이쪽으로 진행하려고 합니다. 하지만 JAVA를 제대로 배운 적은 없고 프로젝트 할 때만 잠깐 쓰는 정도입니다. 그래서 따로 사이드 프로젝트를 구해서 자바를 공부하고 직접 프로젝트를 진행해 보고 인턴을 하는 게 나을지 아니면 부트캠프를 수강 하는 게 나을지 고민입니다. 4. 직무 고민 지금 학생 때의 프로젝트 했던 내용들을 보면 거의 데이터분석, 딥러닝 위주로 프로젝트를 참여하고 AI 분야도 재미가 있어서 이쪽으로도 진로를 정할지 생각 중인데 이 분야는 수학적 능력이 중요하다고 말씀하셔서 수포자인 제가 할 수 있을지…. 대학원에 갈 수 있으면 무조건 좋다고 하시는데 대학원은 생각해 본 적이 없습니다. 백엔드 분야은 흥미가 있는데 처음부터 배우려고 하니 너무 막막하고, AI 분야는 어느 정도 배운 내용이 있기 때문에 학습은 후단부보다는 수월할 것으로 생각합니다. 물론 학생 때 배운 지식은 새 발의 피 정도지만 백엔드와 AI 분야 직무가 고민입니다. 물론 보시는 입장에서는 허무맹랑하고 답답한 글이지만 이렇게라도 물어보지 않으면 더 갈피를 못 잡을 것 같아서 도움을 요청합니다. 혹시 참고할만한 사이트나 부트캠프, 포트폴리오가 있으면 추천해주시면 감사하겠습니다."
99,flutter,공부법 질문드립니다!,이번 방학때 flutter(dart)와 swift로 ios앱 개발 공부해보려하는데 추천해주실 교재 있으실 까요?? 강좌랑 책 추천해주시면 감사하겠습니다!
100,flutter,Flutter 플러터로 개발중 디자인,안녕하세요 이제 막 개발에 재미를 붙이려하는 졸업반 학부생입니다 이것저것 프로트엔드쪽으로 건드려보다가 우연히 학교 후배들과 협업 프로젝트로 앱개발을 참여하게 되었는데요 우선은 제가 코딩을 엄청 잘하지는 못하고 어느정도 전공 학부생만큼에는 조금 못미치게 하는거 같습니다 다만 프론트엔드 부분으로해서 기본적인 ui기능을 차근차근 스스로 구글링하면서 위젯을 추가하면서 만들어 나가고있습니다 (아직 DB API활용은 부족한 실력으로 결합은 아직 못하고 목업정도로만 만든 상태입니다) 하지만 기능구현은 좋은데 다 만들고나면 옛날 앱같은 디자인같다는 피드백을 받고는 합니다 프론트엔드 개발자는 디자인적 요소도 기본 역량으로 가지고 있어야하는지 그리고 이정도 실력으로는 취업에 가능한지 여쭤보고싶네요 취업은 제 실력을 알기에 욕심 안부리고 중소기업 정도로 생각하고있습니다
